Rok,Měsíc,Stanice,Precipitations_max,Precipitations_sum,Snow_height_max,Sunshine_sum,Temperatures_avg,Temperatures_max_max,Temperatures_min_min,Wind_avg,Arctic_days,Ice_days,Summer_days,Tropical_days
1961,leden,Praha - Karlov,3.0,6.9,2.0,57.1,-1.4,11.2,-14.9,1.6,0.0,13.0,0.0,0.0
1961,únor,Praha - Karlov,5.3,18.5,4.0,47.8,4.0,12.0,-3.7,1.7,0.0,0.0,0.0,0.0
1961,březen,Praha - Karlov,4.7,15.3,1.0,137.8,7.5,20.4,-2.3,3.1,0.0,0.0,0.0,0.0
1961,duben,Praha - Karlov,27.1,46.2,0.0,205.4,12.9,26.0,1.7,1.4,0.0,0.0,3.0,0.0
1961,květen,Praha - Karlov,16.1,38.1,0.0,151.5,11.8,25.3,2.5,1.9,0.0,0.0,1.0,0.0
1961,červen,Praha - Karlov,18.1,67.0,0.0,247.2,18.1,31.3,7.5,1.2,0.0,0.0,9.0,1.0
1961,červenec,Praha - Karlov,8.6,25.6,0.0,198.4,17.4,33.2,7.7,2.0,0.0,0.0,7.0,2.0
1961,srpen,Praha - Karlov,10.5,40.6,0.0,194.5,17.5,33.4,7.9,1.7,0.0,0.0,12.0,1.0
1961,září,Praha - Karlov,18.0,39.2,0.0,205.8,17.1,30.7,4.7,1.1,0.0,0.0,11.0,2.0
1961,říjen,Praha - Karlov,12.9,36.9,0.0,148.2,11.0,22.5,1.3,1.1,0.0,0.0,0.0,0.0
1961,listopad,Praha - Karlov,6.8,26.7,0.0,33.2,3.9,14.7,-7.5,1.3,0.0,2.0,0.0,0.0
1961,prosinec,Praha - Karlov,10.3,20.2,1.0,39.0,-1.1,18.3,-17.6,1.9,2.0,14.0,0.0,0.0
1961,rok,Praha - Karlov,27.1,381.2,4.0,1665.9,9.9,33.4,-17.6,1.7,,,,
1962,leden,Praha - Karlov,2.2,9.9,2.0,67.7,1.3,10.3,-11.4,2.4,0.0,5.0,0.0,0.0
1962,únor,Praha - Karlov,4.0,14.4,3.0,68.5,0.1,8.6,-12.6,2.9,0.0,9.0,0.0,0.0
1962,březen,Praha - Karlov,5.5,18.1,2.0,104.3,1.0,15.3,-8.3,1.2,0.0,2.0,0.0,0.0
1962,duben,Praha - Karlov,15.2,39.5,0.0,165.2,10.7,28.5,-0.8,1.9,0.0,0.0,7.0,0.0
1962,květen,Praha - Karlov,10.2,59.1,0.0,169.9,11.7,25.3,0.2,1.8,0.0,0.0,1.0,0.0
1962,červen,Praha - Karlov,3.1,9.4,0.0,254.9,16.3,31.4,3.4,1.8,0.0,0.0,10.0,3.0
1962,červenec,Praha - Karlov,20.8,57.0,0.0,204.8,17.0,35.0,7.5,1.1,0.0,0.0,9.0,2.0
1962,srpen,Praha - Karlov,17.6,36.6,0.0,269.2,18.8,32.8,6.8,1.4,0.0,0.0,16.0,2.0
1962,září,Praha - Karlov,10.9,29.1,0.0,176.8,14.2,30.0,2.2,1.5,0.0,0.0,5.0,1.0
1962,říjen,Praha - Karlov,16.1,20.8,0.0,131.2,9.1,24.7,-2.2,0.7,0.0,0.0,0.0,0.0
1962,listopad,Praha - Karlov,4.4,14.0,0.0,42.0,3.8,14.9,-6.3,1.5,0.0,0.0,0.0,0.0
1962,prosinec,Praha - Karlov,4.1,11.4,4.0,44.3,-3.9,7.0,-16.1,1.9,1.0,19.0,0.0,0.0
1962,rok,Praha - Karlov,20.8,319.3,4.0,1698.8,8.3,35.0,-16.1,1.7,,,,
1963,leden,Praha - Karlov,2.6,7.1,6.0,52.3,-6.9,3.2,-19.1,1.9,1.0,27.0,0.0,0.0
1963,únor,Praha - Karlov,4.8,14.5,10.0,54.9,-5.1,3.3,-19.7,1.1,1.0,18.0,0.0,0.0
1963,březen,Praha - Karlov,6.9,23.2,8.0,92.6,3.1,14.2,-15.6,2.0,0.0,1.0,0.0,0.0
1963,duben,Praha - Karlov,11.6,33.0,0.0,163.3,10.0,21.2,-1.3,1.7,0.0,0.0,0.0,0.0
1963,květen,Praha - Karlov,9.0,41.6,0.0,195.9,13.9,26.2,2.4,1.4,0.0,0.0,1.0,0.0
1963,červen,Praha - Karlov,33.9,118.1,0.0,245.3,17.9,32.8,5.6,1.7,0.0,0.0,12.0,1.0
1963,červenec,Praha - Karlov,30.6,48.0,0.0,283.2,20.4,34.8,9.4,0.9,0.0,0.0,21.0,6.0
1963,srpen,Praha - Karlov,11.7,44.7,0.0,207.9,18.5,33.8,9.8,1.7,0.0,0.0,11.0,6.0
1963,září,Praha - Karlov,16.9,38.4,0.0,161.1,15.6,26.0,4.2,1.3,0.0,0.0,2.0,0.0
1963,říjen,Praha - Karlov,3.1,8.9,0.0,150.4,9.4,23.3,-2.6,1.5,0.0,0.0,0.0,0.0
1963,listopad,Praha - Karlov,4.8,21.2,0.0,56.1,8.1,16.2,-1.0,2.3,0.0,0.0,0.0,0.0
1963,prosinec,Praha - Karlov,1.7,4.5,6.0,36.0,-3.8,7.0,-15.7,1.4,0.0,20.0,0.0,0.0
1963,rok,Praha - Karlov,33.9,403.2,10.0,1699.0,8.4,34.8,-19.7,1.6,,,,
1964,leden,Praha - Karlov,5.8,17.0,11.0,38.0,-4.2,4.9,-17.5,1.7,1.0,17.0,0.0,0.0
1964,únor,Praha - Karlov,3.6,9.0,5.0,80.2,-0.4,7.7,-15.1,2.4,0.0,7.0,0.0,0.0
1964,březen,Praha - Karlov,11.4,33.9,2.0,74.0,0.6,11.9,-10.4,1.4,0.0,9.0,0.0,0.0
1964,duben,Praha - Karlov,9.7,26.1,0.0,182.0,10.4,23.6,0.1,2.0,0.0,0.0,0.0,0.0
1964,květen,Praha - Karlov,8.8,27.9,0.0,238.0,15.4,28.4,3.9,1.4,0.0,0.0,5.0,0.0
1964,červen,Praha - Karlov,17.4,45.1,0.0,228.7,19.9,32.3,7.3,1.1,0.0,0.0,17.0,4.0
1964,červenec,Praha - Karlov,7.8,31.5,0.0,253.5,20.5,33.9,6.2,0.9,0.0,0.0,21.0,9.0
1964,srpen,Praha - Karlov,19.7,66.0,0.0,175.4,17.2,32.0,6.5,1.3,0.0,0.0,11.0,3.0
1964,září,Praha - Karlov,6.6,14.0,0.0,211.4,14.8,29.3,0.6,1.7,0.0,0.0,6.0,0.0
1964,říjen,Praha - Karlov,16.0,79.8,0.0,122.1,8.3,22.1,0.5,1.6,0.0,0.0,0.0,0.0
1964,listopad,Praha - Karlov,10.9,23.2,0.0,30.0,5.3,14.2,-1.8,3.4,0.0,0.0,0.0,0.0
1964,prosinec,Praha - Karlov,3.0,7.6,4.0,31.1,0.5,11.3,-8.0,1.8,0.0,11.0,0.0,0.0
1964,rok,Praha - Karlov,19.7,381.1,11.0,1664.4,9.0,33.9,-17.5,1.7,,,,
1965,leden,Praha - Karlov,7.0,27.2,2.0,22.4,1.7,11.0,-4.3,2.4,0.0,0.0,0.0,0.0
1965,únor,Praha - Karlov,3.6,13.3,10.0,55.7,-2.0,4.6,-12.0,3.5,0.0,13.0,0.0,0.0
1965,březen,Praha - Karlov,14.4,35.0,26.0,88.6,2.4,16.9,-11.8,1.9,0.0,7.0,0.0,0.0
1965,duben,Praha - Karlov,22.0,82.3,0.0,129.8,8.2,19.0,-0.9,2.4,0.0,0.0,0.0,0.0
1965,květen,Praha - Karlov,24.0,126.4,0.0,158.5,12.1,24.8,1.0,2.2,0.0,0.0,0.0,0.0
1965,červen,Praha - Karlov,13.4,52.8,0.0,223.0,17.3,31.7,6.4,2.4,0.0,0.0,11.0,2.0
1965,červenec,Praha - Karlov,8.1,53.5,0.0,177.9,17.6,33.0,8.5,2.4,0.0,0.0,5.0,1.0
1965,srpen,Praha - Karlov,29.0,68.0,0.0,236.7,17.2,34.2,6.1,1.8,0.0,0.0,10.0,2.0
1965,září,Praha - Karlov,11.2,50.0,0.0,161.2,14.2,25.6,2.7,1.7,0.0,0.0,1.0,0.0
1965,říjen,Praha - Karlov,0.8,2.4,0.0,154.2,8.0,20.2,-2.8,1.4,0.0,0.0,0.0,0.0
1965,listopad,Praha - Karlov,19.0,43.5,5.0,32.4,1.4,15.5,-8.9,3.2,0.0,8.0,0.0,0.0
1965,prosinec,Praha - Karlov,7.8,27.8,2.0,60.8,3.3,13.0,-5.0,3.8,0.0,0.0,0.0,0.0
1965,rok,Praha - Karlov,29.0,582.2,26.0,1501.2,8.4,34.2,-12.0,2.4,,,,
1966,leden,Praha - Karlov,2.6,11.8,5.0,24.5,-3.4,10.7,-16.0,2.1,0.0,21.0,0.0,0.0
1966,únor,Praha - Karlov,7.8,27.5,4.0,46.3,5.0,16.6,-5.6,2.7,0.0,1.0,0.0,0.0
1966,březen,Praha - Karlov,4.2,13.0,2.0,102.2,4.3,13.5,-5.0,3.5,0.0,1.0,0.0,0.0
1966,duben,Praha - Karlov,17.1,49.9,0.0,166.7,11.1,22.9,-0.5,1.8,0.0,0.0,0.0,0.0
1966,květen,Praha - Karlov,23.2,50.2,0.0,230.2,14.6,27.0,4.5,1.8,0.0,0.0,6.0,0.0
1966,červen,Praha - Karlov,15.1,53.9,0.0,231.0,18.5,30.5,7.0,2.1,0.0,0.0,13.0,1.0
1966,červenec,Praha - Karlov,26.9,123.4,0.0,177.6,17.8,28.5,9.5,2.1,0.0,0.0,8.0,0.0
1966,srpen,Praha - Karlov,31.4,123.4,0.0,182.6,17.2,33.2,6.7,1.5,0.0,0.0,6.0,3.0
1966,září,Praha - Karlov,4.3,12.2,0.0,154.0,14.3,28.8,3.2,1.7,0.0,0.0,3.0,0.0
1966,říjen,Praha - Karlov,12.4,51.0,0.0,89.8,12.7,25.7,-4.7,1.8,0.0,0.0,2.0,0.0
1966,listopad,Praha - Karlov,3.9,12.9,1.0,51.7,3.3,15.0,-6.4,2.5,0.0,0.0,0.0,0.0
1966,prosinec,Praha - Karlov,3.7,25.4,1.0,47.6,2.1,8.4,-4.5,3.6,0.0,0.0,0.0,0.0
1966,rok,Praha - Karlov,31.4,554.6,5.0,1504.2,9.8,33.2,-16.0,2.3,,,,
1967,leden,Praha - Karlov,6.1,17.7,3.0,44.2,-0.4,10.7,-16.4,2.9,0.0,10.0,0.0,0.0
1967,únor,Praha - Karlov,3.5,12.2,2.0,113.6,3.1,14.4,-8.2,3.9,0.0,1.0,0.0,0.0
1967,březen,Praha - Karlov,3.4,9.3,1.0,132.0,6.2,19.6,-0.9,4.0,0.0,0.0,0.0,0.0
1967,duben,Praha - Karlov,10.3,16.1,0.0,166.4,8.5,23.8,-1.0,2.7,0.0,0.0,0.0,0.0
1967,květen,Praha - Karlov,38.1,141.4,0.0,219.9,14.3,27.9,0.9,2.0,0.0,0.0,3.0,0.0
1967,červen,Praha - Karlov,7.3,20.6,0.0,227.0,17.1,34.4,6.6,2.2,0.0,0.0,9.0,4.0
1967,červenec,Praha - Karlov,22.0,68.8,0.0,260.5,20.9,32.5,9.7,1.4,0.0,0.0,21.0,7.0
1967,srpen,Praha - Karlov,17.6,54.9,0.0,203.6,18.4,32.4,8.0,1.7,0.0,0.0,10.0,3.0
1967,září,Praha - Karlov,22.3,82.9,0.0,143.9,15.4,29.2,6.0,2.0,0.0,0.0,5.0,0.0
1967,říjen,Praha - Karlov,3.6,10.6,0.0,161.9,12.3,25.5,-0.1,2.7,0.0,0.0,1.0,0.0
1967,listopad,Praha - Karlov,5.3,15.4,3.0,64.8,4.0,15.2,-5.0,1.9,0.0,0.0,0.0,0.0
1967,prosinec,Praha - Karlov,7.6,20.0,3.0,35.3,0.6,11.5,-9.2,3.6,0.0,8.0,0.0,0.0
1967,rok,Praha - Karlov,38.1,469.9,3.0,1773.1,10.0,34.4,-16.4,2.6,,,,
1968,leden,Praha - Karlov,12.5,35.8,14.0,37.5,-1.5,8.8,-14.2,3.6,0.0,13.0,0.0,0.0
1968,únor,Praha - Karlov,6.3,16.5,5.0,50.1,1.5,10.2,-11.6,2.3,0.0,5.0,0.0,0.0
1968,březen,Praha - Karlov,6.6,12.7,7.0,166.2,5.6,23.4,-6.3,3.8,0.0,0.0,0.0,0.0
1968,duben,Praha - Karlov,15.6,36.1,0.0,213.7,10.5,30.9,-4.0,2.2,0.0,0.0,5.0,1.0
1968,květen,Praha - Karlov,10.5,51.8,0.0,198.2,12.9,28.7,2.2,2.8,0.0,0.0,4.0,0.0
1968,červen,Praha - Karlov,12.4,52.0,0.0,225.0,18.3,30.6,8.0,3.5,0.0,0.0,11.0,2.0
1968,červenec,Praha - Karlov,10.4,39.6,0.0,240.8,18.4,33.8,8.1,3.4,0.0,0.0,13.0,2.0
1968,srpen,Praha - Karlov,18.0,81.8,0.0,179.7,17.6,27.8,6.8,2.9,0.0,0.0,9.0,0.0
1968,září,Praha - Karlov,19.0,43.6,0.0,142.1,14.5,25.6,5.2,2.7,0.0,0.0,1.0,0.0
1968,říjen,Praha - Karlov,8.0,33.2,0.0,87.8,10.5,19.2,-1.5,2.8,0.0,0.0,0.0,0.0
1968,listopad,Praha - Karlov,15.0,62.3,4.0,28.7,4.3,18.0,-5.2,2.6,0.0,2.0,0.0,0.0
1968,prosinec,Praha - Karlov,3.3,12.0,4.0,39.3,-1.9,7.1,-12.8,2.5,0.0,15.0,0.0,0.0
1968,rok,Praha - Karlov,19.0,477.4,14.0,1609.1,9.2,33.8,-14.2,2.9,,,,
1969,leden,Praha - Karlov,5.6,20.4,4.0,7.9,-1.0,7.0,-9.9,2.6,0.0,11.0,0.0,0.0
1969,únor,Praha - Karlov,17.0,28.3,25.0,63.0,-1.4,9.7,-12.2,2.8,0.0,11.0,0.0,0.0
1969,březen,Praha - Karlov,19.4,48.9,8.0,94.8,1.4,13.0,-7.5,2.9,0.0,3.0,0.0,0.0
1969,duben,Praha - Karlov,7.6,22.1,1.0,173.9,8.6,26.1,-3.1,3.4,0.0,0.0,2.0,0.0
1969,květen,Praha - Karlov,14.0,33.9,0.0,230.6,16.2,33.0,3.2,3.1,0.0,0.0,9.0,2.0
1969,červen,Praha - Karlov,21.8,107.6,0.0,185.1,16.9,28.0,7.6,3.1,0.0,0.0,8.0,0.0
1969,červenec,Praha - Karlov,6.0,15.2,0.0,261.4,20.4,33.8,7.1,2.5,0.0,0.0,20.0,8.0
1969,srpen,Praha - Karlov,42.6,74.8,0.0,185.6,17.8,32.3,8.0,2.8,0.0,0.0,12.0,4.0
1969,září,Praha - Karlov,2.5,4.6,0.0,204.1,15.2,26.8,2.4,2.4,0.0,0.0,4.0,0.0
1969,říjen,Praha - Karlov,4.8,10.4,0.0,113.6,9.9,21.5,0.9,2.6,0.0,0.0,0.0,0.0
1969,listopad,Praha - Karlov,19.8,46.9,30.0,75.5,6.1,17.7,-6.9,4.2,0.0,1.0,0.0,0.0
1969,prosinec,Praha - Karlov,8.1,23.5,34.0,16.4,-5.3,1.5,-22.1,2.1,2.0,25.0,0.0,0.0
1969,rok,Praha - Karlov,42.6,436.6,34.0,1611.9,8.7,33.8,-22.1,2.9,,,,
1970,leden,Praha - Karlov,1.9,6.0,26.0,17.3,-2.5,4.3,-12.0,2.8,0.0,17.0,0.0,0.0
1970,únor,Praha - Karlov,16.0,47.3,10.0,57.8,-0.5,6.4,-13.2,4.1,0.0,7.0,0.0,0.0
1970,březen,Praha - Karlov,14.7,30.3,31.0,96.4,2.4,16.9,-8.8,3.8,0.0,2.0,0.0,0.0
1970,duben,Praha - Karlov,18.1,52.3,0.0,111.3,7.4,21.4,-2.4,4.0,0.0,0.0,0.0,0.0
1970,květen,Praha - Karlov,8.4,34.1,0.0,162.5,12.7,24.0,0.8,3.2,0.0,0.0,0.0,0.0
1970,červen,Praha - Karlov,12.6,52.3,0.0,227.8,18.6,31.7,7.4,2.8,0.0,0.0,13.0,3.0
1970,červenec,Praha - Karlov,6.0,20.2,0.0,223.7,19.1,32.4,9.8,3.6,0.0,0.0,16.0,4.0
1970,srpen,Praha - Karlov,29.0,111.0,0.0,173.3,18.2,31.1,8.4,2.2,0.0,0.0,12.0,3.0
1970,září,Praha - Karlov,11.5,25.2,0.0,192.5,14.2,30.4,0.2,2.7,0.0,0.0,5.0,1.0
1970,říjen,Praha - Karlov,11.0,31.8,0.0,59.2,9.2,22.2,-0.6,3.5,0.0,0.0,0.0,0.0
1970,listopad,Praha - Karlov,12.3,25.8,0.0,27.4,6.4,19.5,-2.3,3.5,0.0,0.0,0.0,0.0
1970,prosinec,Praha - Karlov,6.9,23.5,12.0,23.5,0.7,10.9,-8.1,3.5,0.0,7.0,0.0,0.0
1970,rok,Praha - Karlov,29.0,459.8,31.0,1372.7,8.8,32.4,-13.2,3.3,,,,
1971,leden,Praha - Karlov,2.0,4.8,8.0,54.4,-2.8,10.6,-18.6,2.5,3.0,13.0,0.0,0.0
1971,únor,Praha - Karlov,1.2,5.2,0.0,51.6,1.9,8.3,-10.3,3.8,0.0,2.0,0.0,0.0
1971,březen,Praha - Karlov,5.3,21.3,20.0,121.7,1.9,20.1,-16.5,3.8,0.0,7.0,0.0,0.0
1971,duben,Praha - Karlov,6.1,17.1,0.0,180.0,10.2,22.2,-0.4,3.1,0.0,0.0,0.0,0.0
1971,květen,Praha - Karlov,43.5,144.7,0.0,174.1,15.4,30.8,1.5,2.8,0.0,0.0,7.0,1.0
1971,červen,Praha - Karlov,27.7,106.2,0.0,151.5,15.5,27.5,6.6,3.5,0.0,0.0,4.0,0.0
1971,červenec,Praha - Karlov,5.4,7.1,0.0,277.3,20.3,33.4,7.7,2.5,0.0,0.0,17.0,9.0
1971,srpen,Praha - Karlov,15.6,42.7,0.0,247.1,20.8,34.8,7.7,3.0,0.0,0.0,19.0,8.0
1971,září,Praha - Karlov,14.8,30.4,0.0,146.5,12.9,28.3,1.8,2.6,0.0,0.0,1.0,0.0
1971,říjen,Praha - Karlov,14.6,16.5,0.0,168.0,9.3,21.9,-2.0,3.2,0.0,0.0,0.0,0.0
1971,listopad,Praha - Karlov,15.9,44.0,5.0,53.1,4.1,17.0,-6.8,4.1,0.0,3.0,0.0,0.0
1971,prosinec,Praha - Karlov,3.1,9.2,2.0,37.1,4.2,12.0,-4.1,4.0,0.0,1.0,0.0,0.0
1971,rok,Praha - Karlov,43.5,449.2,20.0,1662.4,9.5,34.8,-18.6,3.2,,,,
1972,leden,Praha - Karlov,4.6,21.2,10.0,33.2,-2.3,4.8,-12.4,2.9,0.0,13.0,0.0,0.0
1972,únor,Praha - Karlov,1.7,7.4,10.0,31.4,2.2,11.3,-10.1,2.4,0.0,4.0,0.0,0.0
1972,březen,Praha - Karlov,8.0,14.4,2.0,170.7,6.7,19.4,-6.6,3.4,0.0,0.0,0.0,0.0
1972,duben,Praha - Karlov,7.6,27.9,0.0,100.7,8.8,20.8,-3.8,3.3,0.0,0.0,0.0,0.0
1972,květen,Praha - Karlov,20.5,66.4,0.0,143.3,13.7,26.2,4.1,3.1,0.0,0.0,1.0,0.0
1972,červen,Praha - Karlov,27.5,85.8,0.0,192.8,17.4,29.4,8.2,2.4,0.0,0.0,7.0,0.0
1972,červenec,Praha - Karlov,43.2,92.2,0.0,196.4,20.1,33.0,7.9,2.1,0.0,0.0,15.0,9.0
1972,srpen,Praha - Karlov,15.5,37.1,0.0,182.9,18.0,33.5,7.7,2.3,0.0,0.0,10.0,5.0
1972,září,Praha - Karlov,9.8,53.9,0.0,102.3,12.2,26.1,3.2,1.9,0.0,0.0,1.0,0.0
1972,říjen,Praha - Karlov,4.8,9.2,0.0,103.2,7.1,17.7,-2.0,1.9,0.0,0.0,0.0,0.0
1972,listopad,Praha - Karlov,3.8,13.4,1.0,70.5,5.2,16.1,-3.2,3.5,0.0,1.0,0.0,0.0
1972,prosinec,Praha - Karlov,0.8,1.8,0.0,68.1,0.2,9.8,-10.1,2.1,0.0,8.0,0.0,0.0
1972,rok,Praha - Karlov,43.2,430.7,10.0,1395.5,9.1,33.5,-12.4,2.6,,,,
1973,leden,Praha - Karlov,3.5,11.6,1.0,24.3,-0.2,5.8,-8.2,1.8,0.0,6.0,0.0,0.0
1973,únor,Praha - Karlov,3.7,13.1,1.0,35.0,1.9,10.2,-6.4,4.0,0.0,1.0,0.0,0.0
1973,březen,Praha - Karlov,3.7,10.2,1.0,138.4,5.6,18.6,-5.2,2.5,0.0,0.0,0.0,0.0
1973,duben,Praha - Karlov,14.3,42.1,11.0,133.1,6.8,21.4,-2.5,3.7,0.0,0.0,0.0,0.0
1973,květen,Praha - Karlov,22.0,54.6,0.0,229.8,14.5,27.5,1.3,2.6,0.0,0.0,4.0,0.0
1973,červen,Praha - Karlov,13.3,45.8,0.0,248.2,17.8,30.8,5.9,2.6,0.0,0.0,9.0,1.0
1973,červenec,Praha - Karlov,16.9,73.2,0.0,212.1,18.8,30.3,10.4,2.5,0.0,0.0,14.0,2.0
1973,srpen,Praha - Karlov,25.2,29.9,0.0,291.0,19.7,32.3,6.4,1.6,0.0,0.0,20.0,5.0
1973,září,Praha - Karlov,4.5,12.0,0.0,195.1,16.3,33.1,2.6,2.2,0.0,0.0,9.0,5.0
1973,říjen,Praha - Karlov,6.3,18.8,0.0,134.8,8.1,23.4,-4.2,2.5,0.0,0.0,0.0,0.0
1973,listopad,Praha - Karlov,2.4,11.4,2.0,76.3,3.2,11.3,-7.1,4.8,0.0,3.0,0.0,0.0
1973,prosinec,Praha - Karlov,3.7,10.1,2.0,58.6,0.2,8.9,-13.8,4.5,0.0,6.0,0.0,0.0
1973,rok,Praha - Karlov,25.2,332.8,11.0,1776.7,9.4,33.1,-13.8,2.9,,,,
1974,leden,Praha - Karlov,5.1,20.0,1.0,30.4,3.0,9.4,-4.2,2.7,0.0,0.0,0.0,0.0
1974,únor,Praha - Karlov,4.0,10.9,0.0,43.6,3.8,13.6,-2.0,2.9,0.0,0.0,0.0,0.0
1974,březen,Praha - Karlov,8.0,26.6,0.0,127.5,7.8,24.8,-2.6,2.7,0.0,0.0,0.0,0.0
1974,duben,Praha - Karlov,3.5,10.0,0.0,182.6,9.8,23.6,-2.8,2.8,0.0,0.0,0.0,0.0
1974,květen,Praha - Karlov,13.7,83.1,0.0,176.6,13.2,24.1,2.9,2.5,0.0,0.0,0.0,0.0
1974,červen,Praha - Karlov,11.8,71.1,0.0,185.3,15.4,26.8,5.5,2.4,0.0,0.0,3.0,0.0
1974,červenec,Praha - Karlov,25.9,77.2,0.0,166.1,17.2,28.7,9.2,3.2,0.0,0.0,6.0,0.0
1974,srpen,Praha - Karlov,26.0,63.7,0.0,233.4,19.5,35.4,8.7,2.2,0.0,0.0,14.0,5.0
1974,září,Praha - Karlov,10.4,29.0,0.0,191.0,14.8,28.0,3.0,2.2,0.0,0.0,5.0,0.0
1974,říjen,Praha - Karlov,10.2,52.1,0.0,72.5,6.2,14.4,0.7,3.3,0.0,0.0,0.0,0.0
1974,listopad,Praha - Karlov,6.8,28.9,0.0,55.0,4.5,13.6,-2.6,2.6,0.0,0.0,0.0,0.0
1974,prosinec,Praha - Karlov,7.0,37.2,2.0,47.6,5.2,13.7,-4.0,4.7,0.0,0.0,0.0,0.0
1974,rok,Praha - Karlov,26.0,509.8,2.0,1511.6,10.0,35.4,-4.2,2.8,,,,
1975,leden,Praha - Karlov,4.9,16.8,0.0,59.0,3.9,10.5,-3.3,2.9,0.0,0.0,0.0,0.0
1975,únor,Praha - Karlov,16.5,19.0,9.0,114.6,0.7,10.4,-11.5,1.4,0.0,1.0,0.0,0.0
1975,březen,Praha - Karlov,10.1,28.7,1.0,126.2,5.0,17.8,-4.8,2.6,0.0,0.0,0.0,0.0
1975,duben,Praha - Karlov,5.6,15.4,0.0,170.2,8.6,25.9,-0.5,2.9,0.0,0.0,1.0,0.0
1975,květen,Praha - Karlov,20.5,64.4,0.0,191.7,14.1,28.6,1.9,2.0,0.0,0.0,2.0,0.0
1975,červen,Praha - Karlov,18.8,93.8,0.0,184.0,16.6,29.7,3.3,1.4,0.0,0.0,9.0,0.0
1975,červenec,Praha - Karlov,10.2,34.3,0.0,247.3,20.1,30.3,10.0,1.9,0.0,0.0,20.0,2.0
1975,srpen,Praha - Karlov,20.8,48.3,0.0,254.4,20.3,31.4,9.4,1.7,0.0,0.0,18.0,3.0
1975,září,Praha - Karlov,7.1,23.8,0.0,186.1,17.9,30.7,8.0,1.2,0.0,0.0,9.0,2.0
1975,říjen,Praha - Karlov,8.9,27.7,0.0,71.3,8.2,23.7,-1.3,1.9,0.0,0.0,0.0,0.0
1975,listopad,Praha - Karlov,13.5,25.5,0.0,39.7,3.2,12.8,-10.2,2.3,0.0,5.0,0.0,0.0
1975,prosinec,Praha - Karlov,2.7,4.0,1.0,39.1,1.4,8.6,-14.4,3.3,0.0,3.0,0.0,0.0
1975,rok,Praha - Karlov,20.8,401.7,9.0,1683.6,10.0,31.4,-14.4,2.1,,,,
1976,leden,Praha - Karlov,4.0,26.9,3.0,53.7,1.4,10.7,-10.0,5.2,0.0,7.0,0.0,0.0
1976,únor,Praha - Karlov,4.4,9.3,2.0,65.2,0.8,14.0,-6.5,2.4,0.0,4.0,0.0,0.0
1976,březen,Praha - Karlov,7.3,15.5,5.0,143.9,1.7,17.2,-8.8,2.7,0.0,4.0,0.0,0.0
1976,duben,Praha - Karlov,7.6,16.6,0.0,195.3,9.0,23.7,-2.5,2.5,0.0,0.0,0.0,0.0
1976,květen,Praha - Karlov,14.5,47.4,0.0,238.6,14.8,28.8,1.1,2.2,0.0,0.0,7.0,0.0
1976,červen,Praha - Karlov,18.4,37.5,0.0,284.2,19.0,30.3,6.0,2.0,0.0,0.0,14.0,3.0
1976,červenec,Praha - Karlov,3.8,15.6,0.0,251.8,21.1,36.1,8.9,1.9,0.0,0.0,18.0,10.0
1976,srpen,Praha - Karlov,7.9,25.6,0.0,219.0,17.6,28.1,6.8,1.8,0.0,0.0,8.0,0.0
1976,září,Praha - Karlov,17.5,43.5,0.0,110.6,13.9,26.6,5.3,1.6,0.0,0.0,1.0,0.0
1976,říjen,Praha - Karlov,15.5,47.9,0.0,77.0,10.8,25.4,1.5,1.6,0.0,0.0,1.0,0.0
1976,listopad,Praha - Karlov,7.9,28.1,0.0,31.5,5.8,16.5,-0.5,2.4,0.0,0.0,0.0,0.0
1976,prosinec,Praha - Karlov,1.7,9.4,3.0,45.7,-0.6,9.5,-14.6,2.5,0.0,11.0,0.0,0.0
1976,rok,Praha - Karlov,18.4,323.3,5.0,1716.5,9.6,36.1,-14.6,2.4,,,,
1977,leden,Praha - Karlov,15.9,51.6,8.0,25.3,-0.3,9.2,-9.4,1.5,0.0,7.0,0.0,0.0
1977,únor,Praha - Karlov,6.2,26.0,3.0,51.3,2.7,12.9,-12.2,2.0,0.0,5.0,0.0,0.0
1977,březen,Praha - Karlov,2.8,13.5,1.0,106.4,7.5,21.9,-4.8,2.5,0.0,0.0,0.0,0.0
1977,duben,Praha - Karlov,6.1,22.1,6.0,113.1,7.3,19.0,-3.8,2.9,0.0,0.0,0.0,0.0
1977,květen,Praha - Karlov,16.9,38.4,0.0,209.4,14.0,28.5,3.4,2.0,0.0,0.0,6.0,0.0
1977,červen,Praha - Karlov,34.2,100.8,0.0,177.8,17.9,29.8,1.7,1.7,0.0,0.0,11.0,0.0
1977,červenec,Praha - Karlov,68.5,96.9,0.0,193.1,18.4,31.5,7.2,1.7,0.0,0.0,8.0,1.0
1977,srpen,Praha - Karlov,30.6,108.4,0.0,163.1,17.7,28.6,8.4,1.4,0.0,0.0,9.0,0.0
1977,září,Praha - Karlov,7.6,39.2,0.0,123.2,12.8,27.3,1.3,2.0,0.0,0.0,4.0,0.0
1977,říjen,Praha - Karlov,5.8,12.1,0.0,83.9,10.1,22.7,1.6,1.2,0.0,0.0,0.0,0.0
1977,listopad,Praha - Karlov,10.9,34.9,0.0,83.1,5.8,18.1,-8.0,3.3,0.0,1.0,0.0,0.0
1977,prosinec,Praha - Karlov,10.3,15.9,3.0,16.5,1.0,13.2,-9.0,1.9,0.0,8.0,0.0,0.0
1977,rok,Praha - Karlov,68.5,559.8,8.0,1346.2,9.6,31.5,-12.2,2.0,,,,
1978,leden,Praha - Karlov,6.3,19.7,3.0,37.1,1.1,5.0,-8.3,2.4,0.0,1.0,0.0,0.0
1978,únor,Praha - Karlov,4.0,13.9,7.0,53.4,-1.4,10.9,-14.0,0.9,0.0,14.0,0.0,0.0
1978,březen,Praha - Karlov,2.8,14.0,0.0,121.3,5.9,22.4,-1.3,2.5,0.0,0.0,0.0,0.0
1978,duben,Praha - Karlov,6.0,32.1,0.0,164.5,8.6,20.5,-2.4,1.4,0.0,0.0,0.0,0.0
1978,květen,Praha - Karlov,44.2,107.8,0.0,183.0,12.9,25.6,-1.3,1.5,0.0,0.0,1.0,0.0
1978,červen,Praha - Karlov,9.3,22.2,0.0,212.0,16.6,29.8,5.6,2.5,0.0,0.0,8.0,0.0
1978,červenec,Praha - Karlov,12.4,44.5,0.0,189.9,17.4,31.4,6.7,2.3,0.0,0.0,8.0,1.0
1978,srpen,Praha - Karlov,42.0,82.9,0.0,188.8,16.8,29.7,6.0,2.6,0.0,0.0,10.0,0.0
1978,září,Praha - Karlov,6.6,39.6,0.0,115.3,13.5,25.1,5.5,3.9,0.0,0.0,1.0,0.0
1978,říjen,Praha - Karlov,9.8,26.4,0.0,66.9,9.5,21.3,-0.7,2.2,0.0,0.0,0.0,0.0
1978,listopad,Praha - Karlov,6.3,10.3,0.0,29.5,4.1,11.9,-1.8,2.2,0.0,0.0,0.0,0.0
1978,prosinec,Praha - Karlov,12.0,37.4,7.0,40.6,1.6,12.8,-12.4,2.8,0.0,6.0,0.0,0.0
1978,rok,Praha - Karlov,44.2,450.8,7.0,1402.3,8.9,31.4,-14.0,2.3,,,,
1979,leden,Praha - Karlov,8.3,21.0,17.0,50.2,-4.2,4.1,-18.2,2.4,1.0,17.0,0.0,0.0
1979,únor,Praha - Karlov,6.2,28.4,7.0,72.9,0.1,7.7,-10.0,2.3,0.0,2.0,0.0,0.0
1979,březen,Praha - Karlov,15.1,49.1,0.0,114.3,5.2,14.6,-3.6,3.0,0.0,0.0,0.0,0.0
1979,duben,Praha - Karlov,17.9,38.9,3.0,123.4,8.2,21.3,-0.2,3.1,0.0,0.0,0.0,0.0
1979,květen,Praha - Karlov,6.7,17.0,0.0,286.3,15.3,29.6,-0.5,2.4,0.0,0.0,13.0,0.0
1979,červen,Praha - Karlov,60.1,124.0,0.0,232.2,20.1,32.5,8.8,2.3,0.0,0.0,14.0,6.0
1979,červenec,Praha - Karlov,7.3,33.4,0.0,124.8,16.6,27.4,8.8,2.7,0.0,0.0,3.0,0.0
1979,srpen,Praha - Karlov,17.7,39.7,0.0,174.3,17.9,30.2,6.9,2.0,0.0,0.0,11.0,1.0
1979,září,Praha - Karlov,29.7,87.7,0.0,173.4,14.4,28.6,1.7,1.9,0.0,0.0,6.0,0.0
1979,říjen,Praha - Karlov,8.7,10.9,0.0,148.0,8.2,22.3,-1.4,2.1,0.0,0.0,0.0,0.0
1979,listopad,Praha - Karlov,11.4,48.6,0.0,35.8,4.5,14.2,-3.1,2.5,0.0,0.0,0.0,0.0
1979,prosinec,Praha - Karlov,9.5,35.7,5.0,48.6,4.6,14.1,-4.1,3.9,0.0,0.0,0.0,0.0
1979,rok,Praha - Karlov,60.1,534.4,17.0,1584.2,9.2,32.5,-18.2,2.5,,,,
1980,leden,Praha - Karlov,6.4,20.3,11.0,25.6,-3.5,8.8,-16.6,1.9,2.0,21.0,0.0,0.0
1980,únor,Praha - Karlov,10.3,27.6,2.0,81.9,2.7,10.3,-4.9,2.6,0.0,1.0,0.0,0.0
1980,březen,Praha - Karlov,16.4,34.4,7.0,104.9,3.8,16.1,-4.4,2.9,0.0,1.0,0.0,0.0
1980,duben,Praha - Karlov,16.6,59.3,2.0,120.4,6.7,22.5,-1.5,3.0,0.0,0.0,0.0,0.0
1980,květen,Praha - Karlov,13.7,27.2,0.0,253.9,11.9,24.6,0.3,2.3,0.0,0.0,0.0,0.0
1980,červen,Praha - Karlov,13.4,53.2,0.0,178.6,16.8,30.9,5.5,3.0,0.0,0.0,5.0,1.0
1980,červenec,Praha - Karlov,21.8,100.7,0.0,147.5,16.4,28.0,7.6,2.3,0.0,0.0,5.0,0.0
1980,srpen,Praha - Karlov,9.4,27.6,0.0,218.6,18.4,33.2,4.4,2.2,0.0,0.0,13.0,1.0
1980,září,Praha - Karlov,17.1,42.8,0.0,142.3,14.1,28.7,3.0,1.7,0.0,0.0,2.0,0.0
1980,říjen,Praha - Karlov,25.0,61.7,0.0,93.8,9.0,21.4,-1.3,2.6,0.0,0.0,0.0,0.0
1980,listopad,Praha - Karlov,19.0,34.6,2.0,55.2,3.4,14.6,-5.0,2.9,0.0,4.0,0.0,0.0
1980,prosinec,Praha - Karlov,6.4,22.9,11.0,49.4,0.9,11.9,-12.8,3.2,0.0,8.0,0.0,0.0
1980,rok,Praha - Karlov,25.0,512.3,11.0,1472.1,8.4,33.2,-16.6,2.5,,,,
1981,leden,Praha - Karlov,4.2,23.7,5.0,53.0,-2.1,7.0,-13.5,3.1,0.0,16.0,0.0,0.0
1981,únor,Praha - Karlov,2.9,13.0,4.0,70.1,0.7,11.0,-6.0,2.8,0.0,4.0,0.0,0.0
1981,březen,Praha - Karlov,8.9,30.8,1.0,118.1,8.1,19.2,-1.4,2.9,0.0,0.0,0.0,0.0
1981,duben,Praha - Karlov,8.6,17.8,0.0,202.0,8.9,23.2,-2.6,2.3,0.0,0.0,0.0,0.0
1981,květen,Praha - Karlov,12.4,53.7,0.0,238.7,14.9,26.6,0.0,2.0,0.0,0.0,5.0,0.0
1981,červen,Praha - Karlov,5.8,14.4,0.0,199.2,18.2,32.1,7.5,2.3,0.0,0.0,12.0,2.0
1981,červenec,Praha - Karlov,77.4,202.1,0.0,161.4,18.1,30.4,8.9,1.7,0.0,0.0,11.0,1.0
1981,srpen,Praha - Karlov,18.5,46.0,0.0,216.7,18.6,31.0,7.3,2.1,0.0,0.0,13.0,4.0
1981,září,Praha - Karlov,11.0,39.4,0.0,146.1,15.4,28.3,5.5,0.9,0.0,0.0,4.0,0.0
1981,říjen,Praha - Karlov,14.5,83.3,0.0,84.1,9.6,25.5,-2.1,3.1,0.0,0.0,1.0,0.0
1981,listopad,Praha - Karlov,5.2,26.1,1.0,51.4,5.3,14.2,-3.7,3.9,0.0,0.0,0.0,0.0
1981,prosinec,Praha - Karlov,5.4,34.8,5.0,46.3,-1.7,9.5,-14.6,3.3,0.0,13.0,0.0,0.0
1981,rok,Praha - Karlov,77.4,585.1,5.0,1587.1,9.5,32.1,-14.6,2.5,,,,
1982,leden,Praha - Karlov,10.6,27.6,15.0,50.8,-4.1,10.0,-21.8,2.5,2.0,17.0,0.0,0.0
1982,únor,Praha - Karlov,2.7,5.0,0.0,96.9,-0.2,8.0,-8.6,2.4,0.0,4.0,0.0,0.0
1982,březen,Praha - Karlov,27.0,42.6,6.0,191.2,5.8,19.7,-2.0,3.0,0.0,0.0,0.0,0.0
1982,duben,Praha - Karlov,2.0,8.9,0.0,212.7,7.7,22.5,-1.5,3.6,0.0,0.0,0.0,0.0
1982,květen,Praha - Karlov,5.1,16.2,0.0,257.6,15.2,29.8,1.2,2.5,0.0,0.0,7.0,0.0
1982,červen,Praha - Karlov,17.7,52.2,0.0,245.2,18.9,33.6,7.2,2.8,0.0,0.0,12.0,6.0
1982,červenec,Praha - Karlov,21.6,52.4,0.0,251.1,21.0,33.0,10.0,2.1,0.0,0.0,21.0,4.0
1982,srpen,Praha - Karlov,24.1,65.4,0.0,203.3,19.4,30.3,8.5,2.3,0.0,0.0,17.0,1.0
1982,září,Praha - Karlov,2.6,8.7,0.0,216.7,17.8,29.2,7.0,1.4,0.0,0.0,14.0,0.0
1982,říjen,Praha - Karlov,2.9,8.7,0.0,101.5,10.6,21.5,0.3,2.4,0.0,0.0,0.0,0.0
1982,listopad,Praha - Karlov,8.6,22.4,0.0,70.6,5.6,17.0,-3.3,2.4,0.0,0.0,0.0,0.0
1982,prosinec,Praha - Karlov,8.4,22.5,0.0,44.3,2.8,15.2,-3.0,3.6,0.0,1.0,0.0,0.0
1982,rok,Praha - Karlov,27.0,332.6,15.0,1941.9,10.0,33.6,-21.8,2.6,,,,
1983,leden,Praha - Karlov,3.5,19.1,1.0,47.3,4.4,12.7,-5.6,5.6,0.0,1.0,0.0,0.0
1983,únor,Praha - Karlov,11.5,30.5,26.0,67.4,-1.5,12.5,-16.8,2.9,0.0,9.0,0.0,0.0
1983,březen,Praha - Karlov,4.0,17.0,0.0,120.2,5.7,15.1,-2.0,3.3,0.0,0.0,0.0,0.0
1983,duben,Praha - Karlov,17.8,53.8,0.0,137.3,10.9,24.1,-0.9,2.8,0.0,0.0,0.0,0.0
1983,květen,Praha - Karlov,34.9,90.6,0.0,178.7,14.5,28.4,3.7,2.4,0.0,0.0,4.0,0.0
1983,červen,Praha - Karlov,10.9,30.2,0.0,213.4,18.2,30.3,6.9,2.1,0.0,0.0,14.0,1.0
1983,červenec,Praha - Karlov,5.9,11.7,0.0,308.8,23.0,38.5,9.1,1.8,0.0,0.0,25.0,14.0
1983,srpen,Praha - Karlov,46.0,101.9,0.0,222.6,19.8,37.0,7.3,2.1,0.0,0.0,24.0,1.0
1983,září,Praha - Karlov,4.7,14.9,0.0,190.5,15.2,31.2,4.8,2.9,0.0,0.0,3.0,1.0
1983,říjen,Praha - Karlov,1.9,5.3,0.0,144.5,10.7,25.0,-3.0,3.7,0.0,0.0,1.0,0.0
1983,listopad,Praha - Karlov,5.0,15.2,2.0,47.8,3.2,14.4,-10.5,2.8,0.0,1.0,0.0,0.0
1983,prosinec,Praha - Karlov,1.5,5.2,2.0,59.8,0.3,15.4,-11.3,2.8,0.0,11.0,0.0,0.0
1983,rok,Praha - Karlov,46.0,395.4,26.0,1738.3,10.4,38.5,-16.8,2.9,,,,
1984,leden,Praha - Karlov,5.4,19.3,3.0,66.8,1.2,12.0,-6.3,4.1,0.0,3.0,0.0,0.0
1984,únor,Praha - Karlov,8.0,32.3,6.0,70.1,0.3,8.5,-12.8,2.7,0.0,4.0,0.0,0.0
1984,březen,Praha - Karlov,12.5,23.2,2.0,133.5,3.5,17.0,-6.6,2.8,0.0,0.0,0.0,0.0
1984,duben,Praha - Karlov,7.3,44.2,2.0,167.5,8.5,22.5,-0.4,2.5,0.0,0.0,0.0,0.0
1984,květen,Praha - Karlov,10.3,56.5,0.0,147.3,13.3,24.7,2.2,2.6,0.0,0.0,0.0,0.0
1984,červen,Praha - Karlov,5.2,20.6,0.0,177.1,16.0,28.5,4.6,3.6,0.0,0.0,5.0,0.0
1984,červenec,Praha - Karlov,14.0,55.1,0.0,184.2,17.5,37.4,7.2,2.8,0.0,0.0,8.0,5.0
1984,srpen,Praha - Karlov,22.2,70.0,0.0,211.2,18.7,31.3,9.6,1.8,0.0,0.0,17.0,1.0
1984,září,Praha - Karlov,12.1,61.2,0.0,90.9,13.5,29.4,4.9,3.2,0.0,0.0,2.0,0.0
1984,říjen,Praha - Karlov,10.6,19.2,0.0,140.2,11.1,22.5,1.6,2.7,0.0,0.0,0.0,0.0
1984,listopad,Praha - Karlov,6.2,16.4,0.0,57.8,5.3,16.2,-2.9,2.8,0.0,0.0,0.0,0.0
1984,prosinec,Praha - Karlov,2.6,9.4,3.0,36.2,0.8,9.1,-7.7,2.1,0.0,7.0,0.0,0.0
1984,rok,Praha - Karlov,22.2,427.4,6.0,1482.8,9.1,37.4,-12.8,2.8,,,,
1985,leden,Praha - Karlov,6.2,28.5,17.0,43.9,-5.7,6.0,-22.6,2.7,5.0,21.0,0.0,0.0
1985,únor,Praha - Karlov,5.7,14.4,7.0,101.7,-3.3,9.6,-21.0,3.4,0.0,16.0,0.0,0.0
1985,březen,Praha - Karlov,10.7,31.4,4.0,66.2,4.1,18.0,-3.1,2.8,0.0,0.0,0.0,0.0
1985,duben,Praha - Karlov,3.7,15.2,0.0,151.2,9.3,23.6,-0.5,3.9,0.0,0.0,0.0,0.0
1985,květen,Praha - Karlov,24.5,77.1,0.0,192.0,15.5,30.5,1.9,3.2,0.0,0.0,6.0,1.0
1985,červen,Praha - Karlov,18.7,58.5,0.0,176.8,15.2,29.2,5.4,3.3,0.0,0.0,5.0,0.0
1985,červenec,Praha - Karlov,10.9,54.3,0.0,251.1,19.5,31.7,8.3,2.1,0.0,0.0,17.0,2.0
1985,srpen,Praha - Karlov,21.6,76.5,0.0,232.5,18.9,33.6,7.1,2.3,0.0,0.0,14.0,6.0
1985,září,Praha - Karlov,3.1,6.6,0.0,166.8,15.1,28.4,4.0,3.0,0.0,0.0,4.0,0.0
1985,říjen,Praha - Karlov,5.2,7.5,0.0,127.3,9.5,27.5,-2.1,1.9,0.0,0.0,3.0,0.0
1985,listopad,Praha - Karlov,8.2,50.5,12.0,49.2,1.6,17.0,-6.0,3.2,0.0,6.0,0.0,0.0
1985,prosinec,Praha - Karlov,8.5,26.1,8.0,37.4,4.3,14.7,-5.0,3.4,0.0,2.0,0.0,0.0
1985,rok,Praha - Karlov,24.5,446.6,17.0,1596.1,8.7,33.6,-22.6,2.9,,,,
1986,leden,Praha - Karlov,5.4,23.7,2.0,60.1,0.6,10.0,-11.5,4.6,0.0,5.0,0.0,0.0
1986,únor,Praha - Karlov,7.6,18.9,12.0,111.1,-5.6,7.3,-17.4,2.7,1.0,22.0,0.0,0.0
1986,březen,Praha - Karlov,4.4,21.2,10.0,115.1,4.5,21.0,-10.7,3.3,0.0,2.0,0.0,0.0
1986,duben,Praha - Karlov,12.6,24.3,1.0,197.5,10.1,26.3,-4.7,2.5,0.0,0.0,3.0,0.0
1986,květen,Praha - Karlov,23.2,94.4,0.0,232.5,16.9,29.9,5.5,2.3,0.0,0.0,11.0,0.0
1986,červen,Praha - Karlov,7.3,22.7,0.0,266.6,17.8,31.7,5.0,2.5,0.0,0.0,12.0,3.0
1986,červenec,Praha - Karlov,6.7,34.3,0.0,239.0,19.0,33.6,7.3,2.3,0.0,0.0,16.0,8.0
1986,srpen,Praha - Karlov,40.2,135.9,0.0,213.8,18.5,35.1,7.1,2.4,0.0,0.0,15.0,3.0
1986,září,Praha - Karlov,4.4,15.9,0.0,168.0,13.4,25.8,2.4,2.5,0.0,0.0,1.0,0.0
1986,říjen,Praha - Karlov,7.0,20.9,0.0,161.1,10.3,23.4,0.3,2.4,0.0,0.0,0.0,0.0
1986,listopad,Praha - Karlov,4.7,12.7,0.0,77.5,5.6,14.0,-3.5,2.5,0.0,1.0,0.0,0.0
1986,prosinec,Praha - Karlov,16.2,30.2,2.0,64.7,1.9,12.5,-8.0,4.4,0.0,6.0,0.0,0.0
1986,rok,Praha - Karlov,40.2,455.1,12.0,1907.0,9.4,35.1,-17.4,2.9,,,,
1987,leden,Praha - Karlov,13.2,37.3,18.0,57.1,-6.0,8.8,-20.5,3.7,4.0,22.0,0.0,0.0
1987,únor,Praha - Karlov,8.5,38.5,6.0,49.8,-0.2,9.1,-18.7,2.6,0.0,5.0,0.0,0.0
1987,březen,Praha - Karlov,7.7,22.3,8.0,104.6,0.0,15.2,-15.3,3.3,0.0,9.0,0.0,0.0
1987,duben,Praha - Karlov,7.0,24.2,0.0,161.5,10.7,25.6,0.5,2.6,0.0,0.0,1.0,0.0
1987,květen,Praha - Karlov,15.4,69.1,0.0,157.5,12.3,26.7,4.4,3.0,0.0,0.0,1.0,0.0
1987,červen,Praha - Karlov,8.9,66.8,0.0,152.5,16.3,33.4,7.9,2.5,0.0,0.0,5.0,1.0
1987,červenec,Praha - Karlov,29.0,101.4,0.0,234.0,19.4,32.2,9.1,2.6,0.0,0.0,15.0,2.0
1987,srpen,Praha - Karlov,25.3,82.4,0.0,169.7,17.0,29.6,5.1,2.4,0.0,0.0,9.0,0.0
1987,září,Praha - Karlov,35.1,92.0,0.0,119.4,16.2,29.0,3.3,2.1,0.0,0.0,9.0,0.0
1987,říjen,Praha - Karlov,6.5,12.1,0.0,122.2,10.1,22.1,-0.9,2.8,0.0,0.0,0.0,0.0
1987,listopad,Praha - Karlov,9.5,22.0,0.0,25.1,5.5,13.2,-0.7,3.4,0.0,0.0,0.0,0.0
1987,prosinec,Praha - Karlov,16.6,35.9,0.0,35.0,2.5,13.0,-11.3,3.2,0.0,7.0,0.0,0.0
1987,rok,Praha - Karlov,35.1,604.0,18.0,1388.4,8.7,33.4,-20.5,2.9,,,,
1988,leden,Praha - Karlov,5.7,28.3,4.0,43.3,3.1,13.6,-6.1,3.3,0.0,2.0,0.0,0.0
1988,únor,Praha - Karlov,6.5,21.6,7.0,76.6,2.7,13.4,-3.8,4.6,0.0,0.0,0.0,0.0
1988,březen,Praha - Karlov,10.1,31.4,14.0,71.6,3.3,13.5,-4.5,4.7,0.0,0.0,0.0,0.0
1988,duben,Praha - Karlov,2.7,7.6,0.0,217.6,10.1,25.3,-1.4,3.3,0.0,0.0,1.0,0.0
1988,květen,Praha - Karlov,24.1,45.1,0.0,246.3,16.3,27.3,5.6,3.6,0.0,0.0,7.0,0.0
1988,červen,Praha - Karlov,23.9,95.7,0.0,169.8,17.1,30.1,10.2,2.5,0.0,0.0,5.0,1.0
1988,červenec,Praha - Karlov,22.6,94.5,0.0,230.2,19.4,33.7,10.5,2.8,0.0,0.0,12.0,4.0
1988,srpen,Praha - Karlov,15.1,50.9,0.0,225.5,19.2,31.3,7.4,2.7,0.0,0.0,16.0,5.0
1988,září,Praha - Karlov,15.6,43.1,0.0,122.4,14.8,27.1,7.0,3.5,0.0,0.0,2.0,0.0
1988,říjen,Praha - Karlov,4.8,15.2,0.0,84.8,10.5,20.3,-1.0,2.9,0.0,0.0,0.0,0.0
1988,listopad,Praha - Karlov,11.1,33.0,5.0,55.1,2.0,10.6,-10.1,3.1,0.0,2.0,0.0,0.0
1988,prosinec,Praha - Karlov,8.1,29.0,8.0,24.5,3.3,10.3,-5.4,5.2,0.0,3.0,0.0,0.0
1988,rok,Praha - Karlov,24.1,495.4,14.0,1567.7,10.2,33.7,-10.1,3.5,,,,
1989,leden,Praha - Karlov,3.4,7.2,0.0,68.4,1.9,8.9,-4.4,2.8,0.0,4.0,0.0,0.0
1989,únor,Praha - Karlov,4.7,17.4,1.0,47.7,4.2,14.5,-3.7,3.5,0.0,1.0,0.0,0.0
1989,březen,Praha - Karlov,6.5,32.7,0.0,130.7,8.3,21.7,-1.0,3.3,0.0,0.0,0.0,0.0
1989,duben,Praha - Karlov,9.5,31.9,0.0,121.1,9.9,25.4,0.2,3.4,0.0,0.0,1.0,0.0
1989,květen,Praha - Karlov,12.1,20.4,0.0,270.8,15.6,27.5,3.8,3.1,0.0,0.0,6.0,0.0
1989,červen,Praha - Karlov,12.8,41.0,0.0,209.7,17.2,29.6,5.6,2.5,0.0,0.0,7.0,0.0
1989,červenec,Praha - Karlov,24.6,80.4,0.0,209.6,19.7,34.7,9.3,3.1,0.0,0.0,16.0,3.0
1989,srpen,Praha - Karlov,7.4,27.4,0.0,212.7,19.2,34.5,9.5,3.0,0.0,0.0,17.0,5.0
1989,září,Praha - Karlov,14.7,53.0,0.0,126.3,16.0,29.2,6.5,2.6,0.0,0.0,6.0,0.0
1989,říjen,Praha - Karlov,4.6,20.6,0.0,143.8,11.3,25.4,1.6,3.2,0.0,0.0,1.0,0.0
1989,listopad,Praha - Karlov,10.0,22.8,2.0,67.7,2.6,15.1,-8.8,2.9,0.0,2.0,0.0,0.0
1989,prosinec,Praha - Karlov,3.0,13.8,0.0,42.5,2.3,16.2,-11.0,3.1,0.0,9.0,0.0,0.0
1989,rok,Praha - Karlov,24.6,368.6,2.0,1651.0,10.7,34.7,-11.0,3.1,,,,
1990,leden,Praha - Karlov,1.6,5.5,1.0,83.3,2.0,13.4,-13.5,3.8,0.0,7.0,0.0,0.0
1990,únor,Praha - Karlov,6.6,22.7,1.0,147.1,6.1,18.9,-3.2,3.9,0.0,0.0,0.0,0.0
1990,březen,Praha - Karlov,3.4,12.8,0.0,153.2,8.7,21.0,-1.0,4.4,0.0,0.0,0.0,0.0
1990,duben,Praha - Karlov,18.8,42.1,0.0,156.0,8.9,21.9,-0.9,3.1,0.0,0.0,0.0,0.0
1990,květen,Praha - Karlov,7.0,17.7,0.0,284.9,16.1,25.8,3.6,2.3,0.0,0.0,3.0,0.0
1990,červen,Praha - Karlov,7.8,42.9,0.0,176.2,18.0,31.3,8.1,2.7,0.0,0.0,10.0,3.0
1990,červenec,Praha - Karlov,2.6,4.4,0.0,229.8,19.3,34.4,9.3,3.6,0.0,0.0,12.0,2.0
1990,srpen,Praha - Karlov,8.6,33.1,0.0,223.5,20.6,33.8,9.5,2.7,0.0,0.0,21.0,11.0
1990,září,Praha - Karlov,13.0,36.5,0.0,106.9,12.9,23.5,3.7,3.4,0.0,0.0,0.0,0.0
1990,říjen,Praha - Karlov,9.6,26.8,0.0,172.7,10.5,22.9,-1.6,2.7,0.0,0.0,0.0,0.0
1990,listopad,Praha - Karlov,13.2,53.3,0.0,30.1,5.2,13.5,-1.8,3.7,0.0,0.0,0.0,0.0
1990,prosinec,Praha - Karlov,4.5,18.7,4.0,58.3,0.9,12.2,-10.4,3.8,0.0,4.0,0.0,0.0
1990,rok,Praha - Karlov,18.8,316.5,4.0,1822.0,10.8,34.4,-13.5,3.3,,,,
1991,leden,Praha - Karlov,1.2,4.5,2.0,65.7,2.0,17.0,-10.5,3.5,0.0,2.0,0.0,0.0
1991,únor,Praha - Karlov,3.5,8.0,7.0,102.7,-2.3,12.1,-15.6,2.6,0.0,11.0,0.0,0.0
1991,březen,Praha - Karlov,10.5,20.7,0.0,51.7,6.9,18.3,-2.0,2.6,0.0,0.0,0.0,0.0
1991,duben,Praha - Karlov,3.8,17.7,0.0,139.4,8.5,20.1,-2.0,2.7,0.0,0.0,0.0,0.0
1991,květen,Praha - Karlov,6.3,30.3,0.0,147.1,10.9,24.1,1.0,2.9,0.0,0.0,0.0,0.0
1991,červen,Praha - Karlov,27.6,71.9,0.0,191.0,16.3,29.6,5.4,3.2,0.0,0.0,5.0,0.0
1991,červenec,Praha - Karlov,21.8,45.9,0.0,240.8,20.8,34.5,10.5,2.4,0.0,0.0,19.0,3.0
1991,srpen,Praha - Karlov,23.9,43.1,0.0,178.2,19.3,33.3,7.6,2.0,0.0,0.0,16.0,2.0
1991,září,Praha - Karlov,2.7,14.2,0.0,174.5,16.1,27.9,4.4,2.5,0.0,0.0,7.0,0.0
1991,říjen,Praha - Karlov,2.9,5.4,0.0,166.9,8.8,24.5,-4.1,2.5,0.0,0.0,0.0,0.0
1991,listopad,Praha - Karlov,14.9,46.0,3.0,37.2,3.8,14.1,-4.0,2.7,0.0,0.0,0.0,0.0
1991,prosinec,Praha - Karlov,7.0,24.2,1.0,42.5,-0.1,10.5,-13.2,3.8,0.0,6.0,0.0,0.0
1991,rok,Praha - Karlov,27.6,331.9,7.0,1537.7,9.3,34.5,-15.6,2.8,,,,
1992,leden,Praha - Karlov,7.8,21.4,1.0,47.7,1.9,10.2,-8.6,3.4,0.0,1.0,0.0,0.0
1992,únor,Praha - Karlov,7.8,16.2,1.0,55.5,3.2,15.0,-4.8,4.0,0.0,1.0,0.0,0.0
1992,březen,Praha - Karlov,8.8,39.7,0.0,124.6,5.1,14.4,-2.6,4.2,0.0,0.0,0.0,0.0
1992,duben,Praha - Karlov,7.6,18.5,0.0,149.3,9.6,26.5,-0.8,3.6,0.0,0.0,1.0,0.0
1992,květen,Praha - Karlov,6.6,11.7,0.0,289.0,16.2,27.1,5.0,3.3,0.0,0.0,5.0,0.0
1992,červen,Praha - Karlov,24.3,65.6,0.0,194.4,19.5,29.4,9.0,3.0,0.0,0.0,14.0,0.0
1992,červenec,Praha - Karlov,14.5,49.7,0.0,236.5,21.0,35.0,10.2,2.4,0.0,0.0,22.0,5.0
1992,srpen,Praha - Karlov,38.4,57.3,0.0,245.1,22.5,36.3,9.6,2.4,0.0,0.0,25.0,13.0
1992,září,Praha - Karlov,3.5,9.2,0.0,194.7,15.5,25.9,5.1,2.9,0.0,0.0,1.0,0.0
1992,říjen,Praha - Karlov,9.7,33.3,0.0,99.0,8.1,25.5,-2.3,3.3,0.0,0.0,1.0,0.0
1992,listopad,Praha - Karlov,6.0,20.5,0.0,44.0,5.1,15.5,-2.8,4.2,0.0,0.0,0.0,0.0
1992,prosinec,Praha - Karlov,6.3,19.5,0.0,47.2,0.4,11.8,-11.0,2.7,0.0,8.0,0.0,0.0
1992,rok,Praha - Karlov,38.4,362.6,1.0,1727.0,10.7,36.3,-11.0,3.3,,,,
1993,leden,Praha - Karlov,3.6,11.0,6.0,68.1,2.6,17.4,-14.9,4.9,0.0,8.0,0.0,0.0
1993,únor,Praha - Karlov,7.5,15.3,18.0,58.1,-1.9,6.7,-16.1,2.6,0.0,12.0,0.0,0.0
1993,březen,Praha - Karlov,2.3,4.7,5.0,143.3,4.1,18.5,-7.0,3.5,0.0,1.0,0.0,0.0
1993,duben,Praha - Karlov,2.8,7.1,0.0,189.6,11.6,25.5,-0.6,3.2,0.0,0.0,5.0,0.0
1993,květen,Praha - Karlov,13.0,38.8,0.0,233.6,17.2,28.6,6.8,2.7,0.0,0.0,11.0,0.0
1993,červen,Praha - Karlov,36.5,99.6,0.0,198.4,17.4,31.0,7.7,3.1,0.0,0.0,9.0,1.0
1993,červenec,Praha - Karlov,14.6,70.0,0.0,212.1,18.0,30.6,9.2,3.3,0.0,0.0,13.0,3.0
1993,srpen,Praha - Karlov,16.6,40.8,0.0,246.4,18.8,32.7,6.8,2.5,0.0,0.0,17.0,6.0
1993,září,Praha - Karlov,10.8,39.1,0.0,164.6,13.9,27.0,3.5,2.6,0.0,0.0,3.0,0.0
1993,říjen,Praha - Karlov,30.5,48.2,0.0,85.9,9.0,22.1,-1.7,2.5,0.0,0.0,0.0,0.0
1993,listopad,Praha - Karlov,14.1,45.6,11.0,27.8,1.5,10.4,-8.5,1.9,0.0,10.0,0.0,0.0
1993,prosinec,Praha - Karlov,24.9,44.4,8.0,38.1,4.1,12.9,-8.3,4.8,0.0,0.0,0.0,0.0
1993,rok,Praha - Karlov,36.5,464.6,18.0,1666.0,9.7,32.7,-16.1,3.1,,,,
1994,leden,Praha - Karlov,2.1,7.9,0.0,46.9,3.5,13.0,-6.4,4.9,0.0,0.0,0.0,0.0
1994,únor,Praha - Karlov,3.6,13.4,0.0,68.6,0.3,14.0,-12.7,2.6,0.0,7.0,0.0,0.0
1994,březen,Praha - Karlov,7.2,34.8,0.0,91.4,7.5,21.3,-1.8,5.3,0.0,0.0,0.0,0.0
1994,duben,Praha - Karlov,13.3,40.7,0.0,157.0,9.5,24.6,-1.0,2.8,0.0,0.0,0.0,0.0
1994,květen,Praha - Karlov,7.7,43.6,0.0,225.6,14.3,25.0,4.2,3.3,0.0,0.0,1.0,0.0
1994,červen,Praha - Karlov,5.4,17.4,0.0,237.7,18.5,35.1,6.6,3.4,0.0,0.0,10.0,4.0
1994,červenec,Praha - Karlov,12.8,43.7,0.0,318.0,23.7,37.3,12.1,2.0,0.0,0.0,25.0,16.0
1994,srpen,Praha - Karlov,24.1,87.4,0.0,231.1,20.0,37.1,8.0,3.1,0.0,0.0,15.0,5.0
1994,září,Praha - Karlov,18.1,39.0,0.0,128.9,15.3,26.5,5.9,2.7,0.0,0.0,2.0,0.0
1994,říjen,Praha - Karlov,6.5,15.7,0.0,118.9,7.7,19.3,-2.5,2.8,0.0,0.0,0.0,0.0
1994,listopad,Praha - Karlov,3.5,13.8,0.0,56.4,7.3,18.3,-1.2,3.5,0.0,0.0,0.0,0.0
1994,prosinec,Praha - Karlov,16.4,36.3,3.0,56.8,3.0,13.6,-5.3,3.6,0.0,4.0,0.0,0.0
1994,rok,Praha - Karlov,24.1,393.7,3.0,1737.3,10.9,37.3,-12.7,3.3,,,,
1995,leden,Praha - Karlov,6.2,18.6,5.0,40.7,0.1,14.0,-13.4,4.4,0.0,10.0,0.0,0.0
1995,únor,Praha - Karlov,9.4,22.0,2.0,75.5,5.6,17.4,-5.4,4.9,0.0,0.0,0.0,0.0
1995,březen,Praha - Karlov,5.1,25.8,4.0,135.6,4.1,17.6,-4.2,4.6,0.0,0.0,0.0,0.0
1995,duben,Praha - Karlov,8.5,37.9,0.0,119.8,10.1,27.6,0.6,4.3,0.0,0.0,2.0,0.0
1995,květen,Praha - Karlov,26.5,86.7,0.0,220.0,14.1,28.6,2.6,2.7,0.0,0.0,5.0,0.0
1995,červen,Praha - Karlov,12.2,72.0,0.0,148.3,15.9,28.1,7.1,2.6,0.0,0.0,5.0,0.0
1995,červenec,Praha - Karlov,36.9,48.6,0.0,301.0,22.3,34.8,11.1,2.4,0.0,0.0,23.0,12.0
1995,srpen,Praha - Karlov,14.0,50.4,0.0,239.5,19.6,31.8,9.0,2.5,0.0,0.0,19.0,4.0
1995,září,Praha - Karlov,11.5,46.2,0.0,118.8,14.0,24.8,4.2,3.4,0.0,0.0,0.0,0.0
1995,říjen,Praha - Karlov,4.7,6.8,0.0,113.2,11.9,22.8,-1.3,1.6,0.0,0.0,0.0,0.0
1995,listopad,Praha - Karlov,3.2,14.8,0.0,30.8,2.1,11.8,-6.5,3.6,0.0,2.0,0.0,0.0
1995,prosinec,Praha - Karlov,9.6,32.0,2.0,24.7,-1.1,12.4,-12.8,3.0,0.0,12.0,0.0,0.0
1995,rok,Praha - Karlov,36.9,461.8,5.0,1567.9,9.9,34.8,-13.4,3.3,,,,
1996,leden,Praha - Karlov,4.5,8.8,2.0,37.5,-3.1,5.1,-11.4,2.6,0.0,22.0,0.0,0.0
1996,únor,Praha - Karlov,6.5,14.5,5.0,90.0,-2.3,7.8,-14.9,2.6,0.0,15.0,0.0,0.0
1996,březen,Praha - Karlov,4.2,14.8,4.0,94.2,1.2,10.3,-7.9,2.8,0.0,5.0,0.0,0.0
1996,duben,Praha - Karlov,4.8,13.1,1.0,200.9,10.2,28.1,-4.6,1.9,0.0,0.0,3.0,0.0
1996,květen,Praha - Karlov,43.4,132.2,0.0,142.8,13.6,28.9,4.3,2.6,0.0,0.0,3.0,0.0
1996,červen,Praha - Karlov,17.5,64.3,0.0,223.4,17.7,32.8,7.4,2.3,0.0,0.0,9.0,5.0
1996,červenec,Praha - Karlov,32.9,91.1,0.0,213.0,17.6,28.4,7.3,2.7,0.0,0.0,11.0,0.0
1996,srpen,Praha - Karlov,14.1,67.8,0.0,188.2,18.4,29.6,9.9,1.5,0.0,0.0,12.0,0.0
1996,září,Praha - Karlov,7.7,33.7,0.0,85.0,11.4,23.2,4.9,3.1,0.0,0.0,0.0,0.0
1996,říjen,Praha - Karlov,8.6,26.0,0.0,83.6,10.5,23.4,-0.6,2.1,0.0,0.0,0.0,0.0
1996,listopad,Praha - Karlov,7.4,21.0,0.0,55.9,5.7,17.1,-4.3,3.2,0.0,0.0,0.0,0.0
1996,prosinec,Praha - Karlov,9.0,22.2,10.0,52.5,-3.3,7.8,-21.4,2.1,5.0,12.0,0.0,0.0
1996,rok,Praha - Karlov,43.4,509.5,10.0,1467.0,8.1,32.8,-21.4,2.5,,,,
1997,leden,Praha - Karlov,11.0,20.4,17.0,19.0,-3.2,3.3,-13.8,1.4,0.0,20.0,0.0,0.0
1997,únor,Praha - Karlov,7.3,18.7,0.0,110.3,4.1,16.4,-10.2,4.3,0.0,1.0,0.0,0.0
1997,březen,Praha - Karlov,8.5,29.3,0.0,132.8,6.0,18.6,-3.3,2.7,0.0,0.0,0.0,0.0
1997,duben,Praha - Karlov,4.3,23.7,0.0,169.7,6.8,18.9,-3.4,3.8,0.0,0.0,0.0,0.0
1997,květen,Praha - Karlov,5.1,19.4,0.0,229.6,15.2,30.5,3.6,2.6,0.0,0.0,8.0,2.0
1997,červen,Praha - Karlov,23.3,70.5,0.0,203.9,17.8,32.8,4.4,1.8,0.0,0.0,9.0,1.0
1997,červenec,Praha - Karlov,20.2,115.3,0.0,201.1,18.6,27.8,11.2,2.0,0.0,0.0,13.0,0.0
1997,srpen,Praha - Karlov,13.5,57.6,0.0,260.0,20.9,30.7,11.0,0.9,0.0,0.0,23.0,5.0
1997,září,Praha - Karlov,3.5,10.6,0.0,232.2,15.1,28.8,2.6,1.4,0.0,0.0,7.0,0.0
1997,říjen,Praha - Karlov,4.7,16.7,0.0,134.7,8.1,23.0,-6.5,2.4,0.0,0.0,0.0,0.0
1997,listopad,Praha - Karlov,12.3,30.1,0.0,57.8,3.9,15.4,-4.0,1.1,0.0,1.0,0.0,0.0
1997,prosinec,Praha - Karlov,10.6,42.3,0.0,31.5,2.5,12.7,-10.3,3.0,0.0,4.0,0.0,0.0
1997,rok,Praha - Karlov,23.3,454.6,17.0,1782.6,9.6,32.8,-13.8,2.3,,,,
1998,leden,Praha - Karlov,4.0,8.7,2.0,71.0,2.0,11.8,-10.6,3.7,0.0,7.0,0.0,0.0
1998,únor,Praha - Karlov,8.9,12.8,2.0,106.8,5.2,14.7,-15.2,3.5,0.0,2.0,0.0,0.0
1998,březen,Praha - Karlov,6.4,18.4,2.0,145.8,5.5,21.0,-5.4,4.3,0.0,0.0,0.0,0.0
1998,duben,Praha - Karlov,1.5,5.2,0.0,159.9,11.6,24.0,-0.3,3.1,0.0,0.0,0.0,0.0
1998,květen,Praha - Karlov,18.1,37.0,0.0,248.9,15.8,29.6,4.7,2.6,0.0,0.0,10.0,0.0
1998,červen,Praha - Karlov,12.7,79.8,0.0,205.4,18.8,34.2,7.7,2.3,0.0,0.0,13.0,4.0
1998,červenec,Praha - Karlov,8.3,48.4,0.0,190.5,18.7,36.6,9.5,2.8,0.0,0.0,10.0,3.0
1998,srpen,Praha - Karlov,4.8,17.2,0.0,252.2,19.1,36.9,8.3,2.9,0.0,0.0,16.0,6.0
1998,září,Praha - Karlov,16.5,64.7,0.0,103.9,14.2,29.3,4.3,2.4,0.0,0.0,1.0,0.0
1998,říjen,Praha - Karlov,14.3,58.6,0.0,73.8,9.8,21.1,1.4,4.2,0.0,0.0,0.0,0.0
1998,listopad,Praha - Karlov,9.5,26.1,0.0,55.4,2.0,11.2,-10.1,2.7,0.0,6.0,0.0,0.0
1998,prosinec,Praha - Karlov,3.1,7.7,1.0,62.7,0.9,11.7,-10.8,3.4,0.0,10.0,0.0,0.0
1998,rok,Praha - Karlov,18.1,384.6,2.0,1676.3,10.3,36.9,-15.2,3.1,,,,
1999,leden,Praha - Karlov,7.0,25.9,1.0,44.3,1.8,15.4,-13.6,3.2,0.0,5.0,0.0,0.0
1999,únor,Praha - Karlov,5.2,19.6,9.0,54.6,0.5,13.6,-10.7,4.7,0.0,5.0,0.0,0.0
1999,březen,Praha - Karlov,5.1,19.1,0.0,107.4,6.5,20.8,-3.6,2.6,0.0,0.0,0.0,0.0
1999,duben,Praha - Karlov,3.8,14.3,0.0,165.7,10.5,21.4,0.4,2.5,0.0,0.0,0.0,0.0
1999,květen,Praha - Karlov,16.7,52.2,0.0,238.8,15.6,30.9,4.0,2.9,0.0,0.0,5.0,1.0
1999,červen,Praha - Karlov,22.1,67.9,0.0,160.5,16.9,27.7,7.6,2.2,0.0,0.0,4.0,0.0
1999,červenec,Praha - Karlov,10.4,31.9,0.0,248.5,20.8,35.4,12.3,2.1,0.0,0.0,19.0,4.0
1999,srpen,Praha - Karlov,7.6,27.1,0.0,213.3,19.1,31.6,7.9,2.0,0.0,0.0,11.0,2.0
1999,září,Praha - Karlov,8.0,32.8,0.0,185.6,18.2,28.4,10.0,1.9,0.0,0.0,10.0,0.0
1999,říjen,Praha - Karlov,3.9,14.3,0.0,101.8,10.0,21.8,-0.8,3.0,0.0,0.0,0.0,0.0
1999,listopad,Praha - Karlov,8.1,24.0,0.0,61.7,3.7,16.2,-4.4,2.0,0.0,0.0,0.0,0.0
1999,prosinec,Praha - Karlov,3.5,17.9,1.0,51.6,2.3,12.2,-10.2,4.3,0.0,4.0,0.0,0.0
1999,rok,Praha - Karlov,22.1,347.0,9.0,1633.8,10.5,35.4,-13.6,2.8,,,,
2000,leden,Praha - Karlov,4.1,17.4,4.0,61.0,0.3,9.8,-12.5,4.1,0.0,6.0,0.0,0.0
2000,únor,Praha - Karlov,2.1,16.1,0.0,85.8,4.5,15.0,-5.8,4.2,0.0,0.0,0.0,0.0
2000,březen,Praha - Karlov,10.4,70.5,2.0,80.4,5.5,16.8,-2.9,4.2,0.0,0.0,0.0,0.0
2000,duben,Praha - Karlov,2.0,4.3,0.0,204.2,12.9,28.2,0.2,2.5,0.0,0.0,4.0,0.0
2000,květen,Praha - Karlov,8.3,40.8,0.0,284.8,17.2,29.6,5.6,2.1,0.0,0.0,11.0,0.0
2000,červen,Praha - Karlov,11.0,28.0,0.0,281.5,19.7,35.3,5.9,2.7,0.0,0.0,16.0,10.0
2000,červenec,Praha - Karlov,14.5,53.6,0.0,107.8,17.2,28.0,9.0,2.8,0.0,0.0,6.0,0.0
2000,srpen,Praha - Karlov,22.8,31.7,0.0,251.4,20.8,34.4,10.5,1.7,0.0,0.0,19.0,7.0
2000,září,Praha - Karlov,9.4,25.3,0.0,145.3,14.9,27.2,5.4,2.0,0.0,0.0,4.0,0.0
2000,říjen,Praha - Karlov,14.2,56.0,0.0,82.9,12.1,24.4,1.7,1.9,0.0,0.0,0.0,0.0
2000,listopad,Praha - Karlov,6.3,24.7,0.0,71.4,6.5,16.0,-1.7,1.7,0.0,0.0,0.0,0.0
2000,prosinec,Praha - Karlov,2.0,9.2,2.0,41.6,2.2,14.3,-10.0,2.3,0.0,4.0,0.0,0.0
2000,rok,Praha - Karlov,22.8,377.6,4.0,1698.1,11.2,35.3,-12.5,2.7,,,,
2001,leden,Praha - Karlov,4.2,24.8,2.0,52.1,0.1,11.4,-10.7,1.7,0.0,10.0,0.0,0.0
2001,únor,Praha - Karlov,7.1,19.3,6.0,96.7,2.7,12.8,-10.2,3.0,0.0,3.0,0.0,0.0
2001,březen,Praha - Karlov,8.5,53.4,2.0,79.1,5.2,17.0,-3.0,2.7,0.0,0.0,0.0,0.0
2001,duben,Praha - Karlov,13.6,51.9,0.0,147.7,8.7,26.1,-1.0,2.9,0.0,0.0,1.0,0.0
2001,květen,Praha - Karlov,9.5,41.6,0.0,274.7,16.3,28.5,5.9,2.5,0.0,0.0,5.0,0.0
2001,červen,Praha - Karlov,13.0,60.5,0.0,193.3,16.1,28.8,6.3,2.8,0.0,0.0,5.0,0.0
2001,červenec,Praha - Karlov,29.2,76.9,0.0,250.1,20.0,31.2,9.4,2.4,0.0,0.0,15.0,5.0
2001,srpen,Praha - Karlov,29.8,72.8,0.0,240.3,20.3,33.4,8.4,2.1,0.0,0.0,17.0,6.0
2001,září,Praha - Karlov,13.0,56.8,0.0,76.1,12.9,22.8,5.5,2.9,0.0,0.0,0.0,0.0
2001,říjen,Praha - Karlov,5.8,19.0,0.0,105.9,13.0,26.2,4.7,1.6,0.0,0.0,2.0,0.0
2001,listopad,Praha - Karlov,4.2,28.9,0.0,68.0,3.5,12.9,-5.2,2.5,0.0,0.0,0.0,0.0
2001,prosinec,Praha - Karlov,7.4,31.9,5.0,38.5,-1.0,6.6,-11.0,3.7,0.0,6.0,0.0,0.0
2001,rok,Praha - Karlov,29.8,537.8,6.0,1622.5,9.8,33.4,-11.0,2.6,,,,
2002,leden,Praha - Karlov,6.5,13.2,8.0,70.0,1.1,15.4,-15.0,3.5,0.0,13.0,0.0,0.0
2002,únor,Praha - Karlov,12.7,35.1,2.0,106.0,5.6,16.4,-5.1,5.2,0.0,0.0,0.0,0.0
2002,březen,Praha - Karlov,14.5,24.1,0.0,152.5,6.2,19.6,-3.2,2.7,0.0,0.0,0.0,0.0
2002,duben,Praha - Karlov,10.3,21.1,0.0,182.8,9.6,21.6,-1.0,3.1,0.0,0.0,0.0,0.0
2002,květen,Praha - Karlov,10.6,53.2,0.0,235.1,17.3,28.3,7.5,2.1,0.0,0.0,10.0,0.0
2002,červen,Praha - Karlov,19.5,87.8,0.0,270.3,19.4,34.5,7.5,2.9,0.0,0.0,14.0,4.0
2002,červenec,Praha - Karlov,28.2,89.7,0.0,246.0,20.3,32.5,11.3,3.4,0.0,0.0,16.0,5.0
2002,srpen,Praha - Karlov,30.5,103.7,0.0,232.6,20.7,29.9,13.5,3.2,0.0,0.0,22.0,0.0
2002,září,Praha - Karlov,8.1,43.7,0.0,177.8,14.2,27.3,3.8,3.5,0.0,0.0,4.0,0.0
2002,říjen,Praha - Karlov,5.9,36.2,0.0,89.1,8.8,18.8,2.0,4.9,0.0,0.0,0.0,0.0
2002,listopad,Praha - Karlov,8.9,70.6,0.0,27.5,5.6,15.1,-4.3,3.5,0.0,0.0,0.0,0.0
2002,prosinec,Praha - Karlov,14.6,46.9,1.0,46.0,-0.9,13.0,-10.0,3.7,0.0,13.0,0.0,0.0
2002,rok,Praha - Karlov,30.5,625.3,8.0,1835.7,10.7,34.5,-15.0,3.5,,,,
2003,leden,Praha - Karlov,8.0,20.0,2.0,58.3,0.0,10.4,-11.6,4.8,0.0,9.0,0.0,0.0
2003,únor,Praha - Karlov,1.6,3.7,1.0,123.4,-1.5,13.5,-11.5,3.0,0.0,14.0,0.0,0.0
2003,březen,Praha - Karlov,1.4,4.4,2.0,166.8,6.5,19.5,-4.4,4.0,0.0,0.0,0.0,0.0
2003,duben,Praha - Karlov,11.2,21.1,0.0,231.3,9.8,26.8,-5.3,4.7,0.0,0.0,1.0,0.0
2003,květen,Praha - Karlov,12.1,59.0,0.0,268.9,17.0,31.4,2.7,4.2,0.0,0.0,7.0,1.0
2003,červen,Praha - Karlov,12.7,29.2,0.0,336.5,21.7,33.4,9.8,3.7,0.0,0.0,22.0,6.0
2003,červenec,Praha - Karlov,11.4,48.1,0.0,238.5,20.7,35.0,10.2,3.7,0.0,0.0,17.0,4.0
2003,srpen,Praha - Karlov,12.0,21.9,0.0,325.9,22.7,36.9,10.5,3.5,0.0,0.0,26.0,13.0
2003,září,Praha - Karlov,3.6,11.7,0.0,196.0,15.8,30.8,3.6,3.4,0.0,0.0,6.0,2.0
2003,říjen,Praha - Karlov,5.9,13.2,0.0,118.3,7.2,21.8,-3.7,4.5,0.0,0.0,0.0,0.0
2003,listopad,Praha - Karlov,2.6,6.9,0.0,79.9,6.2,14.9,-3.1,3.6,0.0,0.0,0.0,0.0
2003,prosinec,Praha - Karlov,4.7,16.3,4.0,56.0,1.6,9.9,-11.2,4.6,0.0,4.0,0.0,0.0
2003,rok,Praha - Karlov,12.7,255.5,4.0,2199.8,10.6,36.9,-11.6,4.0,,,,
2004,leden,Praha - Karlov,16.7,50.1,13.0,56.5,-1.8,8.1,-17.2,4.6,0.0,14.0,0.0,0.0
2004,únor,Praha - Karlov,6.1,14.9,2.0,58.6,3.3,14.5,-5.9,6.3,0.0,1.0,0.0,0.0
2004,březen,Praha - Karlov,10.1,24.9,6.0,129.8,5.1,22.7,-7.0,5.2,0.0,1.0,0.0,0.0
2004,duben,Praha - Karlov,3.5,9.4,0.0,200.2,11.1,23.6,0.3,3.8,0.0,0.0,0.0,0.0
2004,květen,Praha - Karlov,8.5,35.7,0.0,198.5,13.6,23.9,3.6,3.9,0.0,0.0,0.0,0.0
2004,červen,Praha - Karlov,34.6,83.2,0.0,201.5,17.6,28.6,8.7,2.9,0.0,0.0,5.0,0.0
2004,červenec,Praha - Karlov,12.6,26.7,0.0,235.2,19.8,32.2,10.0,2.8,0.0,0.0,15.0,5.0
2004,srpen,Praha - Karlov,17.2,50.9,0.0,242.7,20.8,33.5,8.7,2.3,0.0,0.0,18.0,8.0
2004,září,Praha - Karlov,12.2,32.6,0.0,214.1,15.7,27.8,4.9,2.2,0.0,0.0,6.0,0.0
2004,říjen,Praha - Karlov,5.3,16.1,0.0,143.7,11.1,25.3,-0.7,1.7,0.0,0.0,1.0,0.0
2004,listopad,Praha - Karlov,8.2,41.7,1.0,44.4,5.4,15.1,-4.4,3.4,0.0,0.0,0.0,0.0
2004,prosinec,Praha - Karlov,9.6,13.0,0.0,33.7,1.4,11.6,-7.1,2.5,0.0,7.0,0.0,0.0
2004,rok,Praha - Karlov,34.6,399.2,13.0,1758.9,10.3,33.5,-17.2,3.5,,,,
2005,leden,Praha - Karlov,9.0,21.2,5.0,61.7,2.4,14.0,-7.1,4.3,0.0,6.0,0.0,0.0
2005,únor,Praha - Karlov,6.4,33.5,12.0,63.5,-1.1,10.2,-10.3,3.1,0.0,9.0,0.0,0.0
2005,březen,Praha - Karlov,1.9,8.0,8.0,147.3,4.1,17.9,-12.7,3.2,0.0,5.0,0.0,0.0
2005,duben,Praha - Karlov,9.1,22.9,0.0,208.2,11.8,22.7,-1.7,2.1,0.0,0.0,0.0,0.0
2005,květen,Praha - Karlov,10.8,42.3,0.0,254.5,15.4,33.0,2.5,2.5,0.0,0.0,9.0,4.0
2005,červen,Praha - Karlov,12.3,55.6,0.0,250.0,18.5,30.7,7.5,2.0,0.0,0.0,12.0,2.0
2005,červenec,Praha - Karlov,26.3,121.2,0.0,219.0,20.0,36.7,9.5,2.2,0.0,0.0,14.0,5.0
2005,srpen,Praha - Karlov,19.9,61.0,0.0,204.1,18.1,29.0,8.8,1.8,0.0,0.0,10.0,0.0
2005,září,Praha - Karlov,6.8,29.2,0.0,210.6,16.7,29.5,4.1,1.7,0.0,0.0,8.0,0.0
2005,říjen,Praha - Karlov,7.3,10.2,0.0,181.5,11.7,21.4,-0.7,1.7,0.0,0.0,0.0,0.0
2005,listopad,Praha - Karlov,2.5,11.7,3.0,26.2,4.1,12.6,-5.1,1.6,0.0,0.0,0.0,0.0
2005,prosinec,Praha - Karlov,7.9,20.8,13.0,26.4,1.1,6.6,-9.6,2.6,0.0,5.0,0.0,0.0
2005,rok,Praha - Karlov,26.3,437.6,13.0,1853.0,10.2,36.7,-12.7,2.4,,,,
2006,leden,Praha - Karlov,4.8,10.2,9.0,80.1,-3.7,4.3,-14.9,1.8,0.0,18.0,0.0,0.0
2006,únor,Praha - Karlov,6.6,22.2,3.0,88.4,-0.2,10.5,-11.2,2.1,0.0,5.0,0.0,0.0
2006,březen,Praha - Karlov,7.8,42.9,14.0,116.4,2.8,21.5,-6.6,3.7,0.0,4.0,0.0,0.0
2006,duben,Praha - Karlov,15.8,48.4,0.0,169.2,10.3,25.6,-1.2,4.2,0.0,0.0,1.0,0.0
2006,květen,Praha - Karlov,15.4,83.5,0.0,238.1,15.2,27.3,4.0,5.3,0.0,0.0,2.0,0.0
2006,červen,Praha - Karlov,14.3,55.5,0.0,277.7,19.5,32.3,4.3,3.9,0.0,0.0,17.0,9.0
2006,červenec,Praha - Karlov,2.2,7.3,0.0,347.9,24.7,36.6,11.9,3.5,0.0,0.0,28.0,20.0
2006,srpen,Praha - Karlov,14.8,67.1,0.0,148.3,17.4,31.4,9.5,5.1,0.0,0.0,5.0,1.0
2006,září,Praha - Karlov,5.7,11.4,0.0,245.9,18.6,31.1,7.9,4.4,0.0,0.0,15.0,1.0
2006,říjen,Praha - Karlov,5.5,20.5,0.0,151.4,12.4,22.5,-0.5,3.8,0.0,0.0,0.0,0.0
2006,listopad,Praha - Karlov,2.6,12.1,0.0,52.5,7.5,16.9,-0.6,5.4,0.0,0.0,0.0,0.0
2006,prosinec,Praha - Karlov,6.7,15.8,2.0,66.4,3.9,13.8,-6.3,4.3,0.0,1.0,0.0,0.0
2006,rok,Praha - Karlov,15.8,396.9,14.0,1982.3,10.7,36.6,-14.9,3.9,,,,
2007,leden,Praha - Karlov,8.5,27.8,16.0,58.4,4.9,14.8,-6.2,8.0,0.0,3.0,0.0,0.0
2007,únor,Praha - Karlov,7.5,23.9,1.0,67.3,4.4,11.2,-2.2,3.6,0.0,0.0,0.0,0.0
2007,březen,Praha - Karlov,4.0,14.1,0.0,151.4,7.4,19.0,-1.2,3.9,0.0,0.0,0.0,0.0
2007,duben,Praha - Karlov,1.1,1.5,0.0,295.7,13.2,26.6,-1.6,3.1,0.0,0.0,2.0,0.0
2007,květen,Praha - Karlov,14.8,41.4,0.0,253.7,16.6,30.7,2.6,3.5,0.0,0.0,11.0,3.0
2007,červen,Praha - Karlov,13.2,53.9,0.0,250.9,20.3,32.1,10.8,3.6,0.0,0.0,18.0,4.0
2007,červenec,Praha - Karlov,9.4,49.3,0.0,237.6,20.2,37.2,10.3,4.4,0.0,0.0,13.0,6.0
2007,srpen,Praha - Karlov,27.6,86.5,0.0,234.8,19.4,32.2,10.4,2.7,0.0,0.0,17.0,2.0
2007,září,Praha - Karlov,16.2,63.8,0.0,161.6,13.0,25.5,3.2,3.6,0.0,0.0,1.0,0.0
2007,říjen,Praha - Karlov,3.2,12.0,0.0,106.2,9.0,20.6,-1.0,2.5,0.0,0.0,0.0,0.0
2007,listopad,Praha - Karlov,9.0,38.7,2.0,46.8,2.8,14.0,-4.9,4.1,0.0,1.0,0.0,0.0
2007,prosinec,Praha - Karlov,4.9,12.8,0.0,31.5,0.9,12.7,-6.7,3.3,0.0,12.0,0.0,0.0
2007,rok,Praha - Karlov,27.6,425.7,16.0,1895.9,11.0,37.2,-6.7,3.9,,,,
2008,leden,Praha - Karlov,5.5,20.4,5.0,54.2,3.1,11.7,-5.2,4.2,0.0,4.0,0.0,0.0
2008,únor,Praha - Karlov,4.4,8.0,0.0,109.1,4.4,19.6,-9.5,3.6,0.0,1.0,0.0,0.0
2008,březen,Praha - Karlov,3.8,14.3,0.0,121.9,5.5,18.5,-4.2,4.5,0.0,0.0,0.0,0.0
2008,duben,Praha - Karlov,7.1,37.2,0.0,134.7,10.1,23.3,0.3,2.9,0.0,0.0,0.0,0.0
2008,květen,Praha - Karlov,17.4,47.9,0.0,222.9,16.1,32.3,4.9,2.4,0.0,0.0,10.0,2.0
2008,červen,Praha - Karlov,28.7,61.8,0.0,232.9,20.1,33.6,7.3,2.7,0.0,0.0,15.0,5.0
2008,červenec,Praha - Karlov,26.6,63.7,0.0,201.6,20.4,32.9,12.0,3.2,0.0,0.0,14.0,9.0
2008,srpen,Praha - Karlov,12.0,50.3,0.0,214.8,20.3,33.9,9.6,3.3,0.0,0.0,20.0,5.0
2008,září,Praha - Karlov,5.3,17.5,0.0,152.8,14.5,31.0,4.0,3.0,0.0,0.0,7.0,1.0
2008,říjen,Praha - Karlov,12.2,40.9,0.0,114.6,10.2,22.3,-0.4,3.0,0.0,0.0,0.0,0.0
2008,listopad,Praha - Karlov,4.5,17.6,1.0,48.1,5.9,18.9,-2.2,3.4,0.0,0.0,0.0,0.0
2008,prosinec,Praha - Karlov,10.1,28.5,0.0,47.7,2.7,10.2,-8.7,3.3,0.0,5.0,0.0,0.0
2008,rok,Praha - Karlov,28.7,408.1,5.0,1655.3,11.1,33.9,-9.5,3.3,,,,
2009,leden,Praha - Karlov,4.0,12.5,5.0,42.1,-2.1,6.7,-11.6,2.5,0.0,14.0,0.0,0.0
2009,únor,Praha - Karlov,3.2,19.2,5.0,32.6,1.3,10.4,-5.1,4.0,0.0,3.0,0.0,0.0
2009,březen,Praha - Karlov,6.2,31.2,1.0,68.0,5.5,15.4,-3.6,4.0,0.0,0.0,0.0,0.0
2009,duben,Praha - Karlov,10.3,20.4,0.0,268.9,14.7,24.4,3.8,3.0,0.0,0.0,0.0,0.0
2009,květen,Praha - Karlov,21.1,90.4,0.0,200.1,15.8,32.4,2.8,3.0,0.0,0.0,6.0,1.0
2009,červen,Praha - Karlov,23.1,71.2,0.0,154.1,16.9,29.3,6.6,3.2,0.0,0.0,6.0,0.0
2009,červenec,Praha - Karlov,18.3,73.9,0.0,213.6,20.5,36.3,11.2,3.0,0.0,0.0,19.0,5.0
2009,srpen,Praha - Karlov,6.1,15.5,0.0,255.3,21.6,33.3,9.4,2.6,0.0,0.0,24.0,7.0
2009,září,Praha - Karlov,4.4,14.1,0.0,182.4,17.4,31.8,6.2,2.7,0.0,0.0,10.0,1.0
2009,říjen,Praha - Karlov,5.4,30.1,0.0,62.9,9.2,25.0,-1.1,3.2,0.0,0.0,1.0,0.0
2009,listopad,Praha - Karlov,8.8,25.7,0.0,75.5,7.8,16.6,0.7,3.0,0.0,0.0,0.0,0.0
2009,prosinec,Praha - Karlov,9.4,49.4,3.0,42.7,0.5,12.0,-14.8,2.7,0.0,7.0,0.0,0.0
2009,rok,Praha - Karlov,23.1,453.6,5.0,1598.2,10.7,36.3,-14.8,3.1,,,,
2010,leden,Praha - Karlov,10.6,46.5,28.0,35.2,-3.2,5.5,-17.1,2.8,0.0,23.0,0.0,0.0
2010,únor,Praha - Karlov,3.7,11.2,14.0,51.7,0.3,12.7,-8.7,2.7,0.0,8.0,0.0,0.0
2010,březen,Praha - Karlov,2.9,11.8,7.0,144.9,5.2,21.5,-8.1,4.0,0.0,2.0,0.0,0.0
2010,duben,Praha - Karlov,11.0,20.9,0.0,221.8,10.7,25.6,0.4,2.6,0.0,0.0,2.0,0.0
2010,květen,Praha - Karlov,10.8,68.7,0.0,86.3,13.2,24.0,5.9,3.1,0.0,0.0,0.0,0.0
2010,červen,Praha - Karlov,21.9,65.4,0.0,236.5,19.1,33.3,9.5,2.6,0.0,0.0,14.0,5.0
2010,červenec,Praha - Karlov,37.7,85.6,0.0,264.2,23.1,36.5,11.6,2.6,0.0,0.0,21.0,15.0
2010,srpen,Praha - Karlov,37.9,112.2,0.0,154.6,19.3,32.1,9.1,2.9,0.0,0.0,15.0,3.0
2010,září,Praha - Karlov,29.5,67.7,0.0,142.7,13.5,24.5,5.6,2.6,0.0,0.0,0.0,0.0
2010,říjen,Praha - Karlov,5.0,7.8,0.0,130.7,8.4,17.8,-1.1,2.8,0.0,0.0,0.0,0.0
2010,listopad,Praha - Karlov,8.5,53.4,11.0,54.9,6.6,21.3,-6.3,3.6,0.0,1.0,0.0,0.0
2010,prosinec,Praha - Karlov,11.0,43.7,29.0,27.6,-3.6,5.7,-13.2,3.1,0.0,20.0,0.0,0.0
2010,rok,Praha - Karlov,37.9,594.9,29.0,1551.1,9.4,36.5,-17.1,3.0,,,,
2011,leden,Praha - Karlov,5.6,24.8,7.0,41.0,1.2,13.2,-9.9,3.0,0.0,6.0,0.0,0.0
2011,únor,Praha - Karlov,2.3,4.5,3.0,95.1,0.5,13.3,-13.1,3.1,0.0,6.0,0.0,0.0
2011,březen,Praha - Karlov,14.5,22.1,0.0,180.1,7.2,19.7,-5.5,2.8,0.0,0.0,0.0,0.0
2011,duben,Praha - Karlov,9.2,17.0,0.0,212.6,13.5,25.7,2.1,3.4,0.0,0.0,3.0,0.0
2011,květen,Praha - Karlov,15.5,45.8,0.0,285.2,16.1,29.2,-1.0,2.7,0.0,0.0,11.0,0.0
2011,červen,Praha - Karlov,25.4,71.2,0.0,229.0,19.5,31.1,10.1,3.3,0.0,0.0,14.0,2.0
2011,červenec,Praha - Karlov,46.5,144.9,0.0,167.5,18.7,32.0,10.2,3.3,0.0,0.0,11.0,3.0
2011,srpen,Praha - Karlov,12.9,53.4,0.0,201.7,20.2,33.4,8.4,2.6,0.0,0.0,18.0,6.0
2011,září,Praha - Karlov,8.6,19.3,0.0,211.0,17.0,30.7,6.5,2.4,0.0,0.0,10.0,2.0
2011,říjen,Praha - Karlov,8.0,34.7,0.0,118.8,10.2,27.2,-0.7,3.0,0.0,0.0,3.0,0.0
2011,listopad,Praha - Karlov,1.1,1.2,0.0,67.2,4.4,16.5,-3.2,2.0,0.0,2.0,0.0,0.0
2011,prosinec,Praha - Karlov,11.2,20.8,0.0,45.3,4.6,12.4,-2.3,4.8,0.0,0.0,0.0,0.0
2011,rok,Praha - Karlov,46.5,459.7,7.0,1854.5,11.1,33.4,-13.1,3.0,,,,
2012,leden,Praha - Karlov,8.8,27.7,1.0,75.7,2.7,11.7,-9.2,5.1,0.0,3.0,0.0,0.0
2012,únor,Praha - Karlov,2.8,10.4,4.0,106.4,-2.4,12.8,-19.4,3.9,0.0,14.0,0.0,0.0
2012,březen,Praha - Karlov,2.1,7.3,1.0,190.1,8.5,23.6,-4.0,3.0,0.0,0.0,0.0,0.0
2012,duben,Praha - Karlov,8.4,31.5,0.0,182.9,11.0,31.5,-3.3,3.1,0.0,0.0,5.0,2.0
2012,květen,Praha - Karlov,13.3,45.1,0.0,253.5,17.6,31.9,2.4,2.9,0.0,0.0,16.0,3.0
2012,červen,Praha - Karlov,11.5,37.3,0.0,194.4,20.3,35.6,4.4,3.1,0.0,0.0,16.0,5.0
2012,červenec,Praha - Karlov,16.1,76.3,0.0,209.5,21.6,36.3,9.2,3.2,0.0,0.0,23.0,8.0
2012,srpen,Praha - Karlov,28.0,67.8,0.0,244.2,21.9,38.1,9.0,2.6,0.0,0.0,23.0,12.0
2012,září,Praha - Karlov,18.9,40.6,0.0,188.2,15.7,30.2,5.6,2.4,0.0,0.0,7.0,1.0
2012,říjen,Praha - Karlov,14.1,39.0,3.0,81.1,9.2,23.0,-1.3,2.7,0.0,0.0,0.0,0.0
2012,listopad,Praha - Karlov,15.9,41.3,0.0,32.4,6.5,15.1,-0.7,2.5,0.0,0.0,0.0,0.0
2012,prosinec,Praha - Karlov,16.4,46.8,6.0,50.6,1.4,12.5,-7.7,2.7,0.0,4.0,0.0,0.0
2012,rok,Praha - Karlov,28.0,471.1,6.0,1809.0,11.2,38.1,-19.4,3.1,,,,
2013,leden,Praha - Karlov,6.0,37.6,10.0,15.9,0.7,13.4,-13.1,3.4,0.0,15.0,0.0,0.0
2013,únor,Praha - Karlov,17.0,44.1,24.0,21.3,1.0,7.7,-5.3,2.9,0.0,5.0,0.0,0.0
2013,březen,Praha - Karlov,8.2,17.2,7.0,114.3,1.5,13.9,-8.1,3.4,0.0,3.0,0.0,0.0
2013,duben,Praha - Karlov,14.6,32.7,0.0,135.0,10.9,27.5,-3.1,2.9,0.0,0.0,3.0,0.0
2013,květen,Praha - Karlov,23.7,108.9,0.0,130.8,14.0,26.2,3.9,3.1,0.0,0.0,4.0,0.0
2013,červen,Praha - Karlov,43.1,151.1,0.0,200.2,18.4,37.2,7.1,2.8,0.0,0.0,13.0,4.0
2013,červenec,Praha - Karlov,12.4,20.0,0.0,302.9,22.5,38.2,11.4,2.2,0.0,0.0,25.0,8.0
2013,srpen,Praha - Karlov,24.5,81.7,0.0,244.2,20.0,38.5,9.3,2.3,0.0,0.0,16.0,8.0
2013,září,Praha - Karlov,7.1,36.9,0.0,123.7,14.0,27.3,2.6,3.1,0.0,0.0,5.0,0.0
2013,říjen,Praha - Karlov,19.8,39.5,0.0,137.1,11.2,25.9,0.8,2.7,0.0,0.0,1.0,0.0
2013,listopad,Praha - Karlov,8.0,23.9,0.0,34.3,6.2,19.1,-4.5,3.3,0.0,0.0,0.0,0.0
2013,prosinec,Praha - Karlov,0.8,2.7,1.0,64.0,3.3,11.9,-4.7,3.1,0.0,1.0,0.0,0.0
2013,rok,Praha - Karlov,43.1,596.3,24.0,1523.7,10.3,38.5,-13.1,2.9,,,,
2014,leden,Praha - Karlov,5.9,22.3,5.0,44.9,2.4,12.7,-10.3,2.5,0.0,6.0,0.0,0.0
2014,únor,Praha - Karlov,1.8,2.1,1.0,107.3,4.6,14.2,-2.7,2.8,0.0,0.0,0.0,0.0
2014,březen,Praha - Karlov,14.7,25.8,0.0,166.6,8.7,22.6,-1.1,2.9,0.0,0.0,0.0,0.0
2014,duben,Praha - Karlov,8.3,26.5,0.0,170.7,12.4,24.2,-0.8,2.6,0.0,0.0,0.0,0.0
2014,květen,Praha - Karlov,39.6,126.6,0.0,187.3,13.9,29.1,1.2,3.0,0.0,0.0,5.0,0.0
2014,červen,Praha - Karlov,3.1,10.7,0.0,247.8,18.5,35.8,7.8,2.6,0.0,0.0,9.0,5.0
2014,červenec,Praha - Karlov,42.3,175.7,0.0,250.2,21.7,36.3,10.5,2.2,0.0,0.0,23.0,10.0
2014,srpen,Praha - Karlov,16.7,45.7,0.0,162.7,17.7,31.7,7.2,2.6,0.0,0.0,7.0,3.0
2014,září,Praha - Karlov,21.0,74.6,0.0,139.1,15.8,28.8,3.9,2.3,0.0,0.0,6.0,0.0
2014,říjen,Praha - Karlov,17.8,54.0,0.0,77.7,11.5,22.3,-1.2,2.2,0.0,0.0,0.0,0.0
2014,listopad,Praha - Karlov,15.8,19.5,0.0,29.0,7.0,16.2,0.0,2.1,0.0,0.0,0.0,0.0
2014,prosinec,Praha - Karlov,11.2,26.7,5.0,25.3,3.3,12.1,-8.4,4.3,0.0,5.0,0.0,0.0
2014,rok,Praha - Karlov,42.3,610.2,5.0,1608.6,11.5,36.3,-10.3,2.7,,,,
2015,leden,Praha - Karlov,4.2,19.2,3.0,28.2,2.9,14.3,-2.3,4.3,0.0,0.0,0.0,0.0
2015,únor,Praha - Karlov,0.7,2.3,2.0,85.0,1.8,11.7,-7.0,2.6,0.0,0.0,0.0,0.0
2015,březen,Praha - Karlov,7.8,28.5,0.0,161.9,6.2,17.2,-1.8,3.6,0.0,0.0,0.0,0.0
2015,duben,Praha - Karlov,12.0,37.3,0.0,208.2,9.7,23.8,-1.2,3.3,0.0,0.0,0.0,0.0
2015,květen,Praha - Karlov,6.9,31.8,0.0,198.2,14.6,27.9,5.2,2.7,0.0,0.0,2.0,0.0
2015,červen,Praha - Karlov,25.6,45.9,0.0,204.2,17.6,33.6,8.2,3.0,0.0,0.0,10.0,3.0
2015,červenec,Praha - Karlov,9.3,26.4,0.0,266.9,22.3,37.8,9.0,3.5,0.0,0.0,20.0,13.0
2015,srpen,Praha - Karlov,24.4,67.4,0.0,259.7,23.9,38.9,10.6,2.3,0.0,0.0,25.0,17.0
2015,září,Praha - Karlov,4.5,11.5,0.0,154.2,14.9,34.4,5.9,2.7,0.0,0.0,4.0,2.0
2015,říjen,Praha - Karlov,12.0,46.2,0.0,91.5,9.2,21.3,-0.4,2.1,0.0,0.0,0.0,0.0
2015,listopad,Praha - Karlov,9.1,34.0,0.0,84.6,7.8,18.9,-2.1,3.9,0.0,0.0,0.0,0.0
2015,prosinec,Praha - Karlov,2.5,7.9,0.0,69.9,6.4,15.2,-4.5,3.3,0.0,0.0,0.0,0.0
2015,rok,Praha - Karlov,25.6,358.4,3.0,1812.5,11.4,38.9,-7.0,3.1,,,,
2016,leden,Praha - Karlov,4.5,29.3,8.0,48.5,1.0,13.1,-12.0,3.4,0.0,10.0,0.0,0.0
2016,únor,Praha - Karlov,17.2,38.6,2.0,69.1,4.7,13.9,-2.9,4.0,0.0,0.0,0.0,0.0
2016,březen,Praha - Karlov,4.5,22.7,10.0,90.9,5.3,18.4,-2.3,2.9,0.0,0.0,0.0,0.0
2016,duben,Praha - Karlov,3.1,16.5,0.0,159.5,9.8,25.7,-0.8,2.9,0.0,0.0,1.0,0.0
2016,květen,Praha - Karlov,33.5,75.1,0.0,215.6,15.8,29.1,5.2,3.0,0.0,0.0,5.0,0.0
2016,červen,Praha - Karlov,9.9,56.2,0.0,206.1,19.6,34.2,11.2,2.5,0.0,0.0,11.0,3.0
2016,červenec,Praha - Karlov,22.2,66.1,0.0,220.7,20.9,33.6,11.1,2.9,0.0,0.0,21.0,6.0
2016,srpen,Praha - Karlov,16.3,32.8,0.0,239.9,19.5,33.5,7.6,2.5,0.0,0.0,18.0,4.0
2016,září,Praha - Karlov,24.5,36.8,0.0,228.1,18.3,32.2,6.8,2.3,0.0,0.0,15.0,6.0
2016,říjen,Praha - Karlov,14.0,53.5,0.0,60.1,9.1,25.2,-0.1,2.6,0.0,0.0,1.0,0.0
2016,listopad,Praha - Karlov,4.9,22.3,2.0,78.4,4.0,14.9,-5.6,2.7,0.0,0.0,0.0,0.0
2016,prosinec,Praha - Karlov,16.1,24.3,0.0,49.9,1.7,11.7,-5.8,3.6,0.0,3.0,0.0,0.0
2016,rok,Praha - Karlov,33.5,474.2,10.0,1666.8,10.8,34.2,-12.0,2.9,,,,
2017,leden,Praha - Karlov,3.6,16.3,5.0,70.1,-3.0,4.9,-13.5,3.0,0.0,19.0,0.0,0.0
2017,únor,Praha - Karlov,3.0,13.8,5.0,78.9,3.3,15.1,-4.7,3.2,0.0,3.0,0.0,0.0
2017,březen,Praha - Karlov,6.8,28.5,0.0,149.5,8.5,23.9,-2.1,3.1,0.0,0.0,0.0,0.0
2017,duben,Praha - Karlov,10.4,56.4,0.0,124.7,9.1,24.2,-1.0,3.5,0.0,0.0,0.0,0.0
2017,květen,Praha - Karlov,14.4,27.7,0.0,253.5,16.4,32.2,-0.3,2.5,0.0,0.0,6.0,2.0
2017,červen,Praha - Karlov,29.0,82.3,0.0,292.2,20.7,34.3,9.0,3.4,0.0,0.0,18.0,2.0
2017,červenec,Praha - Karlov,11.1,59.8,0.0,214.3,20.9,32.8,10.3,3.1,0.0,0.0,17.0,5.0
2017,srpen,Praha - Karlov,26.2,77.6,0.0,246.9,21.0,36.7,8.6,2.5,0.0,0.0,21.0,6.0
2017,září,Praha - Karlov,10.0,19.9,0.0,110.5,13.8,24.0,4.1,2.7,0.0,0.0,0.0,0.0
2017,říjen,Praha - Karlov,9.2,43.3,0.0,91.3,11.7,24.1,2.5,4.1,0.0,0.0,0.0,0.0
2017,listopad,Praha - Karlov,6.7,26.5,0.0,52.1,5.8,14.0,0.2,3.7,0.0,0.0,0.0,0.0
2017,prosinec,Praha - Karlov,5.4,19.3,2.0,46.8,2.9,12.8,-4.8,4.1,0.0,0.0,0.0,0.0
2017,rok,Praha - Karlov,29.0,471.4,5.0,1730.8,10.9,36.7,-13.5,3.2,,,,
2018,leden,Praha - Karlov,8.0,18.5,1.0,25.2,4.3,12.4,-2.6,3.7,0.0,0.0,0.0,0.0
2018,únor,Praha - Karlov,2.4,5.6,3.0,109.7,-1.0,7.9,-12.5,2.4,0.0,5.0,0.0,0.0
2018,březen,Praha - Karlov,7.8,29.6,3.0,92.8,2.9,19.5,-12.5,3.1,0.0,4.0,0.0,0.0
2018,duben,Praha - Karlov,5.1,14.0,0.0,256.5,14.9,28.6,1.7,3.0,0.0,0.0,6.0,0.0
2018,květen,Praha - Karlov,18.3,46.3,0.0,286.4,18.8,30.6,7.4,2.7,0.0,0.0,12.0,2.0
2018,červen,Praha - Karlov,42.7,91.2,0.0,224.0,19.8,30.9,8.3,2.9,0.0,0.0,16.0,2.0
2018,červenec,Praha - Karlov,7.7,16.8,0.0,301.8,22.9,34.8,7.6,2.6,0.0,0.0,25.0,11.0
2018,srpen,Praha - Karlov,18.0,58.7,0.0,266.1,23.2,35.8,7.8,2.4,0.0,0.0,26.0,15.0
2018,září,Praha - Karlov,8.6,29.2,0.0,205.5,16.9,30.7,1.2,2.6,0.0,0.0,11.0,2.0
2018,říjen,Praha - Karlov,18.9,32.3,0.0,161.3,11.9,24.6,0.8,2.9,0.0,0.0,0.0,0.0
2018,listopad,Praha - Karlov,6.2,13.5,1.0,75.8,5.8,17.8,-6.4,2.1,0.0,0.0,0.0,0.0
2018,prosinec,Praha - Karlov,9.9,39.5,2.0,29.4,3.7,13.3,-3.3,3.8,0.0,2.0,0.0,0.0
2018,rok,Praha - Karlov,42.7,395.2,3.0,2034.5,12.0,35.8,-12.5,2.9,,,,
2019,leden,Praha - Karlov,3.6,16.5,3.0,47.2,0.8,8.3,-7.9,4.4,0.0,5.0,0.0,0.0
2019,únor,Praha - Karlov,14.7,21.0,10.0,120.7,4.0,17.8,-8.7,3.2,0.0,2.0,0.0,0.0
2019,březen,Praha - Karlov,10.2,19.7,0.0,131.4,8.0,21.6,-0.1,4.4,0.0,0.0,0.0,0.0
2019,duben,Praha - Karlov,14.3,20.9,0.0,245.4,11.8,27.9,1.9,2.9,0.0,0.0,2.0,0.0
2019,květen,Praha - Karlov,13.3,59.6,0.0,159.3,13.1,25.5,1.2,3.1,0.0,0.0,2.0,0.0
2019,červen,Praha - Karlov,26.4,60.0,0.0,341.2,23.9,37.6,10.7,2.6,0.0,0.0,26.0,14.0
2019,červenec,Praha - Karlov,16.7,47.0,0.0,227.5,21.6,35.9,11.0,2.7,0.0,0.0,20.0,8.0
2019,srpen,Praha - Karlov,13.4,63.8,0.0,214.9,21.2,32.1,9.7,2.4,0.0,0.0,21.0,7.0
2019,září,Praha - Karlov,15.0,29.5,0.0,168.5,15.6,30.9,3.6,2.8,0.0,0.0,3.0,1.0
2019,říjen,Praha - Karlov,8.0,32.4,0.0,129.9,11.4,25.3,-2.1,2.7,0.0,0.0,1.0,0.0
2019,listopad,Praha - Karlov,11.9,32.7,0.0,37.7,7.0,15.1,-1.1,2.7,0.0,0.0,0.0,0.0
2019,prosinec,Praha - Karlov,2.6,8.9,0.0,55.5,4.0,13.5,-3.3,3.2,0.0,0.0,0.0,0.0
2019,rok,Praha - Karlov,26.4,412.0,10.0,1879.2,11.9,37.6,-8.7,3.1,,,,
2020,leden,Praha - Karlov,2.4,8.2,0.0,65.5,2.8,14.4,-5.7,3.0,0.0,1.0,0.0,0.0
2020,únor,Praha - Karlov,16.1,40.0,1.0,68.2,6.2,15.1,-1.1,5.2,0.0,0.0,0.0,0.0
2020,březen,Praha - Karlov,22.4,52.5,1.0,180.1,6.3,17.6,-3.7,3.4,0.0,0.0,0.0,0.0
2020,duben,Praha - Karlov,7.2,12.2,0.0,290.7,12.2,25.8,-5.1,2.6,0.0,0.0,1.0,0.0
2020,květen,Praha - Karlov,22.3,57.5,0.0,199.2,13.6,26.3,2.2,2.8,0.0,0.0,2.0,0.0
2020,červen,Praha - Karlov,23.5,90.6,0.0,183.4,18.6,30.6,9.0,2.5,0.0,0.0,10.0,2.0
2020,červenec,Praha - Karlov,9.4,35.8,0.0,263.9,20.8,33.6,9.5,2.4,0.0,0.0,21.0,5.0
2020,srpen,Praha - Karlov,19.2,77.8,0.0,235.9,21.5,35.0,10.7,2.3,0.0,0.0,24.0,11.0
2020,září,Praha - Karlov,18.6,42.0,0.0,216.5,16.7,31.7,4.5,2.2,0.0,0.0,11.0,3.0
2020,říjen,Praha - Karlov,16.6,52.5,0.0,79.1,10.9,23.8,2.6,2.8,0.0,0.0,0.0,0.0
2020,listopad,Praha - Karlov,4.2,9.0,0.0,49.9,5.6,19.0,-2.1,2.2,0.0,0.0,0.0,0.0
2020,prosinec,Praha - Karlov,3.0,10.6,1.0,39.0,3.6,14.4,-3.6,2.5,0.0,0.0,0.0,0.0
2020,rok,Praha - Karlov,23.5,488.7,1.0,1871.4,11.6,35.0,-5.7,2.8,,,,
